<gpx xmlns:ns3="http://www.garmin.com/xmlschemas/TrackPointExtension/v1" xmlns="http://www.topografix.com/GPX/1/1" xmlns:xsi="http://www.w3.org/2001/XMLSchema-instance" xmlns:ns2="http://www.garmin.com/xmlschemas/GpxExtensions/v3" creator="Garmin Connect" version="1.1" xsi:schemaLocation="http://www.topografix.com/GPX/1/1 http://www.topografix.com/GPX/11.xsd">
  <extensions>
<distance>2410.0</distance>
<average_hr>155.0</average_hr>
<average_speed>3.615000009536743</average_speed>
<start_time>2026-08-05T10:27:31+00:00</start_time>
<end_time>2026-08-05T10:38:37.706000+00:00</end_time>
<moving_time>663.25</moving_time>
<elapsed_time>666.706</elapsed_time>
</extensions>
<metadata>
    <link href="connect.garmin.com">
      <text>Garmin Connect</text>
    </link>
    <time>2026-08-05T10:27:31.000Z</time>
  </metadata>
  <trk>
    <name>闵行区 - 400*4*4间歇训练</name>
    <type>track_running</type>
    <trkseg>
      <trkpt lat="31.02161943912506103515625" lon="121.42383017577230930328369140625">
        <ele>6.400000095367431640625</ele>
        <time>2026-08-05T10:27:31.000Z</time>
        <extensions>
          <ns3:TrackPointExtension>
            <ns3:atemp>31.0</ns3:atemp>
            <ns3:hr>99</ns3:hr>
            <ns3:cad>0</ns3:cad>
          </ns3:TrackPointExtension>
        </extensions>
      </trkpt>
      <trkpt lat="31.0216668806970119476318359375" lon="121.42380067147314548492431640625">
        <ele>6.400000095367431640625</ele>
        <time>2026-08-05T10:27:32.000Z</time>
        <extensions>
          <ns3:TrackPointExtension>
            <ns3:atemp>31.0</ns3:atemp>
            <ns3:hr>98</ns3:hr>
            <ns3:cad>0</ns3:cad>
          </ns3:TrackPointExtension>
        </extensions>
      </trkpt>
      <trkpt lat="31.02169110439717769622802734375" lon="121.423781476914882659912109375">
        <ele>6.400000095367431640625</ele>
        <time>2026-08-05T10:27:33.000Z</time>
        <extensions>
          <ns3:TrackPointExtension>
            <ns3:atemp>31.0</ns3:atemp>
            <ns3:hr>97</ns3:hr>
            <ns3:cad>0</ns3:cad>
          </ns3:TrackPointExtension>
        </extensions>
      </trkpt>
      <trkpt lat="31.021722368896007537841796875" lon="121.42375029623508453369140625">
        <ele>6.400000095367431640625</ele>
        <time>2026-08-05T10:27:34.000Z</time>
        <extensions>
          <ns3:TrackPointExtension>
            <ns3:atemp>32.0</ns3:atemp>
            <ns3:hr>96</ns3:hr>
            <ns3:cad>0</ns3:cad>
          </ns3:TrackPointExtension>
        </extensions>
      </trkpt>
      <trkpt lat="31.021741144359111785888671875" lon="121.4237266592681407928466796875">
        <ele>6.400000095367431640625</ele>
        <time>2026-08-05T10:27:35.000Z</time>
        <extensions>
          <ns3:TrackPointExtension>
            <ns3:atemp>31.0</ns3:atemp>
            <ns3:hr>95</ns3:hr>
            <ns3:cad>0</ns3:cad>
          </ns3:TrackPointExtension>
        </extensions>
      </trkpt>
      <trkpt lat="31.0217657871544361114501953125" lon="121.423689611256122589111328125">
        <ele>6.400000095367431640625</ele>
        <time>2026-08-05T10:27:36.000Z</time>
        <extensions>
          <ns3:TrackPointExtension>
            <ns3:atemp>31.0</ns3:atemp>
            <ns3:hr>95</ns3:hr>
            <ns3:cad>0</ns3:cad>
          </ns3:TrackPointExtension>
        </extensions>
      </trkpt>
      <trkpt lat="31.0217748396098613739013671875" lon="121.42367460764944553375244140625">
        <ele>8.19999980926513671875</ele>
        <time>2026-08-05T10:27:37.000Z</time>
        <extensions>
          <ns3:TrackPointExtension>
            <ns3:atemp>32.0</ns3:atemp>
            <ns3:hr>97</ns3:hr>
            <ns3:cad>86</ns3:cad>
          </ns3:TrackPointExtension>
        </extensions>
      </trkpt>
      <trkpt lat="31.02179118432104587554931640625" lon="121.423639319837093353271484375">
        <ele>8.19999980926513671875</ele>
        <time>2026-08-05T10:27:38.000Z</time>
        <extensions>
          <ns3:TrackPointExtension>
            <ns3:atemp>31.0</ns3:atemp>
            <ns3:hr>98</ns3:hr>
            <ns3:cad>87</ns3:cad>
          </ns3:TrackPointExtension>
        </extensions>
      </trkpt>
      <trkpt lat="31.02180208079516887664794921875" lon="121.42361090518534183502197265625">
        <ele>8.19999980926513671875</ele>
        <time>2026-08-05T10:27:39.000Z</time>
        <extensions>
          <ns3:TrackPointExtension>
            <ns3:atemp>32.0</ns3:atemp>
            <ns3:hr>100</ns3:hr>
            <ns3:cad>88</ns3:cad>
          </ns3:TrackPointExtension>
        </extensions>
      </trkpt>
      <trkpt lat="31.021814905107021331787109375" lon="121.4235667325556278228759765625">
        <ele>8.19999980926513671875</ele>
        <time>2026-08-05T10:27:40.000Z</time>
        <extensions>
          <ns3:TrackPointExtension>
            <ns3:atemp>32.0</ns3:atemp>
            <ns3:hr>101</ns3:hr>
            <ns3:cad>88</ns3:cad>
          </ns3:TrackPointExtension>
        </extensions>
      </trkpt>
      <trkpt lat="31.02182018570601940155029296875" lon="121.42353965900838375091552734375">
        <ele>8.19999980926513671875</ele>
        <time>2026-08-05T10:27:41.000Z</time>
        <extensions>
          <ns3:TrackPointExtension>
            <ns3:atemp>32.0</ns3:atemp>
            <ns3:hr>102</ns3:hr>
            <ns3:cad>89</ns3:cad>
          </ns3:TrackPointExtension>
        </extensions>
      </trkpt>
      <trkpt lat="31.02182571776211261749267578125" lon="121.42349255271255970001220703125">
        <ele>8.19999980926513671875</ele>
        <time>2026-08-05T10:27:42.000Z</time>
        <extensions>
          <ns3:TrackPointExtension>
            <ns3:atemp>31.0</ns3:atemp>
            <ns3:hr>103</ns3:hr>
            <ns3:cad>89</ns3:cad>
          </ns3:TrackPointExtension>
        </extensions>
      </trkpt>
      <trkpt lat="31.021826975047588348388671875" lon="121.42346137203276157379150390625">
        <ele>8.19999980926513671875</ele>
        <time>2026-08-05T10:27:43.000Z</time>
        <extensions>
          <ns3:TrackPointExtension>
            <ns3:atemp>32.0</ns3:atemp>
            <ns3:hr>104</ns3:hr>
            <ns3:cad>90</ns3:cad>
          </ns3:TrackPointExtension>
        </extensions>
      </trkpt>
      <trkpt lat="31.02182571776211261749267578125" lon="121.423423402011394500732421875">
        <ele>8.19999980926513671875</ele>
        <time>2026-08-05T10:27:44.000Z</time>
        <extensions>
          <ns3:TrackPointExtension>
            <ns3:atemp>32.0</ns3:atemp>
            <ns3:hr>105</ns3:hr>
            <ns3:cad>90</ns3:cad>
          </ns3:TrackPointExtension>
        </extensions>
      </trkpt>
      <trkpt lat="31.02182001806795597076416015625" lon="121.42338174395263195037841796875">
        <ele>8.19999980926513671875</ele>
        <time>2026-08-05T10:27:45.000Z</time>
        <extensions>
          <ns3:TrackPointExtension>
            <ns3:atemp>31.0</ns3:atemp>
            <ns3:hr>106</ns3:hr>
            <ns3:cad>91</ns3:cad>
          </ns3:TrackPointExtension>
        </extensions>
      </trkpt>
      <trkpt lat="31.0218170844018459320068359375" lon="121.4233642257750034332275390625">
        <ele>8.19999980926513671875</ele>
        <time>2026-08-05T10:27:46.000Z</time>
        <extensions>
          <ns3:TrackPointExtension>
            <ns3:atemp>32.0</ns3:atemp>
            <ns3:hr>107</ns3:hr>
            <ns3:cad>91</ns3:cad>
          </ns3:TrackPointExtension>
        </extensions>
      </trkpt>
      <trkpt lat="31.02180509828031063079833984375" lon="121.42331904731690883636474609375">
        <ele>8.19999980926513671875</ele>
        <time>2026-08-05T10:27:47.000Z</time>
        <extensions>
          <ns3:TrackPointExtension>
            <ns3:atemp>32.0</ns3:atemp>
            <ns3:hr>108</ns3:hr>
            <ns3:cad>91</ns3:cad>
          </ns3:TrackPointExtension>
        </extensions>
      </trkpt>
      <trkpt lat="31.02179487235844135284423828125" lon="121.42329239286482334136962890625">
        <ele>8.19999980926513671875</ele>
        <time>2026-08-05T10:27:48.000Z</time>
        <extensions>
          <ns3:TrackPointExtension>
            <ns3:atemp>32.0</ns3:atemp>
            <ns3:hr>108</ns3:hr>
            <ns3:cad>92</ns3:cad>
          </ns3:TrackPointExtension>
        </extensions>
      </trkpt>
      <trkpt lat="31.02177291177213191986083984375" lon="121.42324545420706272125244140625">
        <ele>8.19999980926513671875</ele>
        <time>2026-08-05T10:27:49.000Z</time>
        <extensions>
          <ns3:TrackPointExtension>
            <ns3:atemp>32.0</ns3:atemp>
            <ns3:hr>108</ns3:hr>
            <ns3:cad>92</ns3:cad>
          </ns3:TrackPointExtension>
        </extensions>
      </trkpt>
      <trkpt lat="31.02176318876445293426513671875" lon="121.4232274331152439117431640625">
        <ele>8.19999980926513671875</ele>
        <time>2026-08-05T10:27:50.000Z</time>
        <extensions>
          <ns3:TrackPointExtension>
            <ns3:atemp>32.0</ns3:atemp>
            <ns3:hr>108</ns3:hr>
            <ns3:cad>92</ns3:cad>
          </ns3:TrackPointExtension>
        </extensions>
      </trkpt>
      <trkpt lat="31.02173100225627422332763671875" lon="121.42318208701908588409423828125">
        <ele>8.19999980926513671875</ele>
        <time>2026-08-05T10:27:51.000Z</time>
        <extensions>
          <ns3:TrackPointExtension>
            <ns3:atemp>32.0</ns3:atemp>
            <ns3:hr>109</ns3:hr>
            <ns3:cad>92</ns3:cad>
          </ns3:TrackPointExtension>
        </extensions>
      </trkpt>
      <trkpt lat="31.02171557955443859100341796875" lon="121.4231654070317745208740234375">
        <ele>8.19999980926513671875</ele>
        <time>2026-08-05T10:27:52.000Z</time>
        <extensions>
          <ns3:TrackPointExtension>
            <ns3:atemp>32.0</ns3:atemp>
            <ns3:hr>109</ns3:hr>
            <ns3:cad>93</ns3:cad>
          </ns3:TrackPointExtension>
        </extensions>
      </trkpt>
      <trkpt lat="31.02167987264692783355712890625" lon="121.4231318794190883636474609375">
        <ele>8.19999980926513671875</ele>
        <time>2026-08-05T10:27:53.000Z</time>
        <extensions>
          <ns3:TrackPointExtension>
            <ns3:atemp>32.0</ns3:atemp>
            <ns3:hr>110</ns3:hr>
            <ns3:cad>93</ns3:cad>
          </ns3:TrackPointExtension>
        </extensions>
      </trkpt>
      <trkpt lat="31.02167115546762943267822265625" lon="121.42312467098236083984375">
        <ele>8.19999980926513671875</ele>
        <time>2026-08-05T10:27:54.000Z</time>
        <extensions>
          <ns3:TrackPointExtension>
            <ns3:atemp>32.0</ns3:atemp>
            <ns3:hr>112</ns3:hr>
            <ns3:cad>92</ns3:cad>
          </ns3:TrackPointExtension>
        </extensions>
      </trkpt>
      <trkpt lat="31.0216276533901691436767578125" lon="121.42309608869254589080810546875">
        <ele>8.19999980926513671875</ele>
        <time>2026-08-05T10:27:55.000Z</time>
        <extensions>
          <ns3:TrackPointExtension>
            <ns3:atemp>32.0</ns3:atemp>
            <ns3:hr>114</ns3:hr>
            <ns3:cad>92</ns3:cad>
          </ns3:TrackPointExtension>
        </extensions>
      </trkpt>
      <trkpt lat="31.0216207802295684814453125" lon="121.42309223301708698272705078125">
        <ele>8.19999980926513671875</ele>
        <time>2026-08-05T10:27:56.000Z</time>
        <extensions>
          <ns3:TrackPointExtension>
            <ns3:atemp>32.0</ns3:atemp>
            <ns3:hr>116</ns3:hr>
            <ns3:cad>92</ns3:cad>
          </ns3:TrackPointExtension>
        </extensions>
      </trkpt>
      <trkpt lat="31.02157627232372760772705078125" lon="121.423073709011077880859375">
        <ele>8.19999980926513671875</ele>
        <time>2026-08-05T10:27:57.000Z</time>
        <extensions>
          <ns3:TrackPointExtension>
            <ns3:atemp>32.0</ns3:atemp>
            <ns3:hr>117</ns3:hr>
            <ns3:cad>92</ns3:cad>
          </ns3:TrackPointExtension>
        </extensions>
      </trkpt>
      <trkpt lat="31.02156654931604862213134765625" lon="121.42307111062109470367431640625">
        <ele>8.19999980926513671875</ele>
        <time>2026-08-05T10:27:58.000Z</time>
        <extensions>
          <ns3:TrackPointExtension>
            <ns3:atemp>32.0</ns3:atemp>
            <ns3:hr>118</ns3:hr>
            <ns3:cad>92</ns3:cad>
          </ns3:TrackPointExtension>
        </extensions>
      </trkpt>
      <trkpt lat="31.02151743136346340179443359375" lon="121.42306105233728885650634765625">
        <ele>8.19999980926513671875</ele>
        <time>2026-08-05T10:27:59.000Z</time>
        <extensions>
          <ns3:TrackPointExtension>
            <ns3:atemp>32.0</ns3:atemp>
            <ns3:hr>119</ns3:hr>
            <ns3:cad>92</ns3:cad>
          </ns3:TrackPointExtension>
        </extensions>
      </trkpt>
      <trkpt lat="31.021501086652278900146484375" lon="121.423059292137622833251953125">
        <ele>8.19999980926513671875</ele>
        <time>2026-08-05T10:28:00.000Z</time>
        <extensions>
          <ns3:TrackPointExtension>
            <ns3:atemp>32.0</ns3:atemp>
            <ns3:hr>119</ns3:hr>
            <ns3:cad>92</ns3:cad>
          </ns3:TrackPointExtension>
        </extensions>
      </trkpt>
      <trkpt lat="31.02146177552640438079833984375" lon="121.42305954359471797943115234375">
        <ele>8.19999980926513671875</ele>
        <time>2026-08-05T10:28:01.000Z</time>
        <extensions>
          <ns3:TrackPointExtension>
            <ns3:atemp>32.0</ns3:atemp>
            <ns3:hr>120</ns3:hr>
            <ns3:cad>92</ns3:cad>
          </ns3:TrackPointExtension>
        </extensions>
      </trkpt>
      <trkpt lat="31.0214382223784923553466796875" lon="121.4230618067085742950439453125">
        <ele>8.19999980926513671875</ele>
        <time>2026-08-05T10:28:02.000Z</time>
        <extensions>
          <ns3:TrackPointExtension>
            <ns3:atemp>32.0</ns3:atemp>
            <ns3:hr>121</ns3:hr>
            <ns3:cad>92</ns3:cad>
          </ns3:TrackPointExtension>
        </extensions>
      </trkpt>
      <trkpt lat="31.0214030183851718902587890625" lon="121.42306893132627010345458984375">
        <ele>8.19999980926513671875</ele>
        <time>2026-08-05T10:28:03.000Z</time>
        <extensions>
          <ns3:TrackPointExtension>
            <ns3:atemp>32.0</ns3:atemp>
            <ns3:hr>122</ns3:hr>
            <ns3:cad>93</ns3:cad>
          </ns3:TrackPointExtension>
        </extensions>
      </trkpt>
      <trkpt lat="31.02137426845729351043701171875" lon="121.423079073429107666015625">
        <ele>8.19999980926513671875</ele>
        <time>2026-08-05T10:28:04.000Z</time>
        <extensions>
          <ns3:TrackPointExtension>
            <ns3:atemp>32.0</ns3:atemp>
            <ns3:hr>123</ns3:hr>
            <ns3:cad>93</ns3:cad>
          </ns3:TrackPointExtension>
        </extensions>
      </trkpt>
      <trkpt lat="31.0213500447571277618408203125" lon="121.42308854497969150543212890625">
        <ele>8.19999980926513671875</ele>
        <time>2026-08-05T10:28:05.000Z</time>
        <extensions>
          <ns3:TrackPointExtension>
            <ns3:atemp>32.0</ns3:atemp>
            <ns3:hr>124</ns3:hr>
            <ns3:cad>93</ns3:cad>
          </ns3:TrackPointExtension>
        </extensions>
      </trkpt>
      <trkpt lat="31.02131609804928302764892578125" lon="121.4231037162244319915771484375">
        <ele>8.19999980926513671875</ele>
        <time>2026-08-05T10:28:06.000Z</time>
        <extensions>
          <ns3:TrackPointExtension>
            <ns3:atemp>32.0</ns3:atemp>
            <ns3:hr>126</ns3:hr>
            <ns3:cad>92</ns3:cad>
          </ns3:TrackPointExtension>
        </extensions>
      </trkpt>
      <trkpt lat="31.02129288017749786376953125" lon="121.4231141097843647003173828125">
        <ele>8.19999980926513671875</ele>
        <time>2026-08-05T10:28:07.000Z</time>
        <extensions>
          <ns3:TrackPointExtension>
            <ns3:atemp>32.0</ns3:atemp>
            <ns3:hr>127</ns3:hr>
            <ns3:cad>92</ns3:cad>
          </ns3:TrackPointExtension>
        </extensions>
      </trkpt>
      <trkpt lat="31.02125692181289196014404296875" lon="121.4231302030384540557861328125">
        <ele>8.19999980926513671875</ele>
        <time>2026-08-05T10:28:08.000Z</time>
        <extensions>
          <ns3:TrackPointExtension>
            <ns3:atemp>32.0</ns3:atemp>
            <ns3:hr>128</ns3:hr>
            <ns3:cad>93</ns3:cad>
          </ns3:TrackPointExtension>
        </extensions>
      </trkpt>
      <trkpt lat="31.021235883235931396484375" lon="121.42313967458903789520263671875">
        <ele>8.19999980926513671875</ele>
        <time>2026-08-05T10:28:09.000Z</time>
        <extensions>
          <ns3:TrackPointExtension>
            <ns3:atemp>32.0</ns3:atemp>
            <ns3:hr>129</ns3:hr>
            <ns3:cad>93</ns3:cad>
          </ns3:TrackPointExtension>
        </extensions>
      </trkpt>
      <trkpt lat="31.02120126597583293914794921875" lon="121.423155181109905242919921875">
        <ele>8.19999980926513671875</ele>
        <time>2026-08-05T10:28:10.000Z</time>
        <extensions>
          <ns3:TrackPointExtension>
            <ns3:atemp>32.0</ns3:atemp>
            <ns3:hr>130</ns3:hr>
            <ns3:cad>92</ns3:cad>
          </ns3:TrackPointExtension>
        </extensions>
      </trkpt>
      <trkpt lat="31.02118022739887237548828125" lon="121.423164568841457366943359375">
        <ele>8.19999980926513671875</ele>
        <time>2026-08-05T10:28:11.000Z</time>
        <extensions>
          <ns3:TrackPointExtension>
            <ns3:atemp>32.0</ns3:atemp>
            <ns3:hr>131</ns3:hr>
            <ns3:cad>92</ns3:cad>
          </ns3:TrackPointExtension>
        </extensions>
      </trkpt>
      <trkpt lat="31.021138988435268402099609375" lon="121.42318309284746646881103515625">
        <ele>8.19999980926513671875</ele>
        <time>2026-08-05T10:28:12.000Z</time>
        <extensions>
          <ns3:TrackPointExtension>
            <ns3:atemp>32.0</ns3:atemp>
            <ns3:hr>132</ns3:hr>
            <ns3:cad>92</ns3:cad>
          </ns3:TrackPointExtension>
        </extensions>
      </trkpt>
      <trkpt lat="31.02112582884728908538818359375" lon="121.42318896017968654632568359375">
        <ele>8.19999980926513671875</ele>
        <time>2026-08-05T10:28:13.000Z</time>
        <extensions>
          <ns3:TrackPointExtension>
            <ns3:atemp>32.0</ns3:atemp>
            <ns3:hr>133</ns3:hr>
            <ns3:cad>92</ns3:cad>
          </ns3:TrackPointExtension>
        </extensions>
      </trkpt>
      <trkpt lat="31.02107956074178218841552734375" lon="121.4232096634805202484130859375">
        <ele>8.19999980926513671875</ele>
        <time>2026-08-05T10:28:14.000Z</time>
        <extensions>
          <ns3:TrackPointExtension>
            <ns3:atemp>32.0</ns3:atemp>
            <ns3:hr>133</ns3:hr>
            <ns3:cad>92</ns3:cad>
          </ns3:TrackPointExtension>
        </extensions>
      </trkpt>
      <trkpt lat="31.0210670717060565948486328125" lon="121.42321527935564517974853515625">
        <ele>8.19999980926513671875</ele>
        <time>2026-08-05T10:28:15.000Z</time>
        <extensions>
          <ns3:TrackPointExtension>
            <ns3:atemp>32.0</ns3:atemp>
            <ns3:hr>133</ns3:hr>
            <ns3:cad>92</ns3:cad>
          </ns3:TrackPointExtension>
        </extensions>
      </trkpt>
      <trkpt lat="31.02102859877049922943115234375" lon="121.4232324622571468353271484375">
        <ele>8.19999980926513671875</ele>
        <time>2026-08-05T10:28:16.000Z</time>
        <extensions>
          <ns3:TrackPointExtension>
            <ns3:atemp>32.0</ns3:atemp>
            <ns3:hr>133</ns3:hr>
            <ns3:cad>92</ns3:cad>
          </ns3:TrackPointExtension>
        </extensions>
      </trkpt>
      <trkpt lat="31.02101434953510761260986328125" lon="121.42323891632258892059326171875">
        <ele>8.19999980926513671875</ele>
        <time>2026-08-05T10:28:17.000Z</time>
        <extensions>
          <ns3:TrackPointExtension>
            <ns3:atemp>32.0</ns3:atemp>
            <ns3:hr>133</ns3:hr>
            <ns3:cad>92</ns3:cad>
          </ns3:TrackPointExtension>
        </extensions>
      </trkpt>
      <trkpt lat="31.020973362028598785400390625" lon="121.4232572726905345916748046875">
        <ele>8.19999980926513671875</ele>
        <time>2026-08-05T10:28:18.000Z</time>
        <extensions>
          <ns3:TrackPointExtension>
            <ns3:atemp>32.0</ns3:atemp>
            <ns3:hr>132</ns3:hr>
            <ns3:cad>93</ns3:cad>
          </ns3:TrackPointExtension>
        </extensions>
      </trkpt>
      <trkpt lat="31.0209564305841922760009765625" lon="121.42326481640338897705078125">
        <ele>8.19999980926513671875</ele>
        <time>2026-08-05T10:28:19.000Z</time>
        <extensions>
          <ns3:TrackPointExtension>
            <ns3:atemp>32.0</ns3:atemp>
            <ns3:hr>132</ns3:hr>
            <ns3:cad>93</ns3:cad>
          </ns3:TrackPointExtension>
        </extensions>
      </trkpt>
      <trkpt lat="31.02091695182025432586669921875" lon="121.42328250221908092498779296875">
        <ele>8.19999980926513671875</ele>
        <time>2026-08-05T10:28:20.000Z</time>
        <extensions>
          <ns3:TrackPointExtension>
            <ns3:atemp>32.0</ns3:atemp>
            <ns3:hr>131</ns3:hr>
            <ns3:cad>93</ns3:cad>
          </ns3:TrackPointExtension>
        </extensions>
      </trkpt>
      <trkpt lat="31.020897924900054931640625" lon="121.42329105176031589508056640625">
        <ele>8.19999980926513671875</ele>
        <time>2026-08-05T10:28:21.000Z</time>
        <extensions>
          <ns3:TrackPointExtension>
            <ns3:atemp>32.0</ns3:atemp>
            <ns3:hr>130</ns3:hr>
            <ns3:cad>92</ns3:cad>
          </ns3:TrackPointExtension>
        </extensions>
      </trkpt>
      <trkpt lat="31.0208655707538127899169921875" lon="121.4233055524528026580810546875">
        <ele>8.19999980926513671875</ele>
        <time>2026-08-05T10:28:22.000Z</time>
        <extensions>
          <ns3:TrackPointExtension>
            <ns3:atemp>32.0</ns3:atemp>
            <ns3:hr>129</ns3:hr>
            <ns3:cad>92</ns3:cad>
          </ns3:TrackPointExtension>
        </extensions>
      </trkpt>
      <trkpt lat="31.02084168232977390289306640625" lon="121.42331619746983051300048828125">
        <ele>8.19999980926513671875</ele>
        <time>2026-08-05T10:28:23.000Z</time>
        <extensions>
          <ns3:TrackPointExtension>
            <ns3:atemp>32.0</ns3:atemp>
            <ns3:hr>128</ns3:hr>
            <ns3:cad>92</ns3:cad>
          </ns3:TrackPointExtension>
        </extensions>
      </trkpt>
      <trkpt lat="31.02081301622092723846435546875" lon="121.4233290217816829681396484375">
        <ele>8.19999980926513671875</ele>
        <time>2026-08-05T10:28:24.000Z</time>
        <extensions>
          <ns3:TrackPointExtension>
            <ns3:atemp>32.0</ns3:atemp>
            <ns3:hr>128</ns3:hr>
            <ns3:cad>92</ns3:cad>
          </ns3:TrackPointExtension>
        </extensions>
      </trkpt>
      <trkpt lat="31.020779572427272796630859375" lon="121.42334402538836002349853515625">
        <ele>8.19999980926513671875</ele>
        <time>2026-08-05T10:28:25.000Z</time>
        <extensions>
          <ns3:TrackPointExtension>
            <ns3:atemp>32.0</ns3:atemp>
            <ns3:hr>128</ns3:hr>
            <ns3:cad>92</ns3:cad>
          </ns3:TrackPointExtension>
        </extensions>
      </trkpt>
      <trkpt lat="31.0207571089267730712890625" lon="121.42335408367216587066650390625">
        <ele>8.19999980926513671875</ele>
        <time>2026-08-05T10:28:26.000Z</time>
        <extensions>
          <ns3:TrackPointExtension>
            <ns3:atemp>32.0</ns3:atemp>
            <ns3:hr>128</ns3:hr>
            <ns3:cad>92</ns3:cad>
          </ns3:TrackPointExtension>
        </extensions>
      </trkpt>
      <trkpt lat="31.02071545086801052093505859375" lon="121.4233727753162384033203125">
        <ele>8.19999980926513671875</ele>
        <time>2026-08-05T10:28:27.000Z</time>
        <extensions>
          <ns3:TrackPointExtension>
            <ns3:atemp>32.0</ns3:atemp>
            <ns3:hr>129</ns3:hr>
            <ns3:cad>92</ns3:cad>
          </ns3:TrackPointExtension>
        </extensions>
      </trkpt>
      <trkpt lat="31.02070187218487262725830078125" lon="121.42337889410555362701416015625">
        <ele>8.19999980926513671875</ele>
        <time>2026-08-05T10:28:28.000Z</time>
        <extensions>
          <ns3:TrackPointExtension>
            <ns3:atemp>32.0</ns3:atemp>
            <ns3:hr>130</ns3:hr>
            <ns3:cad>92</ns3:cad>
          </ns3:TrackPointExtension>
        </extensions>
      </trkpt>
      <trkpt lat="31.0206578671932220458984375" lon="121.42340186052024364471435546875">
        <ele>8.19999980926513671875</ele>
        <time>2026-08-05T10:28:29.000Z</time>
        <extensions>
          <ns3:TrackPointExtension>
            <ns3:atemp>32.0</ns3:atemp>
            <ns3:hr>130</ns3:hr>
            <ns3:cad>92</ns3:cad>
          </ns3:TrackPointExtension>
        </extensions>
      </trkpt>
      <trkpt lat="31.020650155842304229736328125" lon="121.42340655438601970672607421875">
        <ele>8.19999980926513671875</ele>
        <time>2026-08-05T10:28:30.000Z</time>
        <extensions>
          <ns3:TrackPointExtension>
            <ns3:atemp>32.0</ns3:atemp>
            <ns3:hr>131</ns3:hr>
            <ns3:cad>94</ns3:cad>
          </ns3:TrackPointExtension>
        </extensions>
      </trkpt>
      <trkpt lat="31.020605899393558502197265625" lon="121.42344125546514987945556640625">
        <ele>8.19999980926513671875</ele>
        <time>2026-08-05T10:28:31.000Z</time>
        <extensions>
          <ns3:TrackPointExtension>
            <ns3:atemp>32.0</ns3:atemp>
            <ns3:hr>131</ns3:hr>
            <ns3:cad>94</ns3:cad>
          </ns3:TrackPointExtension>
        </extensions>
      </trkpt>
      <trkpt lat="31.02059676311910152435302734375" lon="121.42345014028251171112060546875">
        <ele>8.19999980926513671875</ele>
        <time>2026-08-05T10:28:32.000Z</time>
        <extensions>
          <ns3:TrackPointExtension>
            <ns3:atemp>32.0</ns3:atemp>
            <ns3:hr>131</ns3:hr>
            <ns3:cad>93</ns3:cad>
          </ns3:TrackPointExtension>
        </extensions>
      </trkpt>
      <trkpt lat="31.0205648280680179595947265625" lon="121.4234855957329273223876953125">
        <ele>8.19999980926513671875</ele>
        <time>2026-08-05T10:28:33.000Z</time>
        <extensions>
          <ns3:TrackPointExtension>
            <ns3:atemp>32.0</ns3:atemp>
            <ns3:hr>131</ns3:hr>
            <ns3:cad>93</ns3:cad>
          </ns3:TrackPointExtension>
        </extensions>
      </trkpt>
      <trkpt lat="31.02055200375616550445556640625" lon="121.42350177280604839324951171875">
        <ele>8.19999980926513671875</ele>
        <time>2026-08-05T10:28:34.000Z</time>
        <extensions>
          <ns3:TrackPointExtension>
            <ns3:atemp>32.0</ns3:atemp>
            <ns3:hr>131</ns3:hr>
            <ns3:cad>93</ns3:cad>
          </ns3:TrackPointExtension>
        </extensions>
      </trkpt>
      <trkpt lat="31.02053054608404636383056640625" lon="121.42353613860905170440673828125">
        <ele>8.19999980926513671875</ele>
        <time>2026-08-05T10:28:35.000Z</time>
        <extensions>
          <ns3:TrackPointExtension>
            <ns3:atemp>32.0</ns3:atemp>
            <ns3:hr>132</ns3:hr>
            <ns3:cad>93</ns3:cad>
          </ns3:TrackPointExtension>
        </extensions>
      </trkpt>
      <trkpt lat="31.02051830850541591644287109375" lon="121.4235591888427734375">
        <ele>8.19999980926513671875</ele>
        <time>2026-08-05T10:28:36.000Z</time>
        <extensions>
          <ns3:TrackPointExtension>
            <ns3:atemp>32.0</ns3:atemp>
            <ns3:hr>132</ns3:hr>
            <ns3:cad>93</ns3:cad>
          </ns3:TrackPointExtension>
        </extensions>
      </trkpt>
      <trkpt lat="31.02050456218421459197998046875" lon="121.42358961515128612518310546875">
        <ele>8.19999980926513671875</ele>
        <time>2026-08-05T10:28:37.000Z</time>
        <extensions>
          <ns3:TrackPointExtension>
            <ns3:atemp>32.0</ns3:atemp>
            <ns3:hr>133</ns3:hr>
            <ns3:cad>92</ns3:cad>
          </ns3:TrackPointExtension>
        </extensions>
      </trkpt>
      <trkpt lat="31.020493246614933013916015625" lon="121.42362331040203571319580078125">
        <ele>8.19999980926513671875</ele>
        <time>2026-08-05T10:28:38.000Z</time>
        <extensions>
          <ns3:TrackPointExtension>
            <ns3:atemp>32.0</ns3:atemp>
            <ns3:hr>133</ns3:hr>
            <ns3:cad>92</ns3:cad>
          </ns3:TrackPointExtension>
        </extensions>
      </trkpt>
      <trkpt lat="31.0204850323498249053955078125" lon="121.42365239560604095458984375">
        <ele>8.19999980926513671875</ele>
        <time>2026-08-05T10:28:39.000Z</time>
        <extensions>
          <ns3:TrackPointExtension>
            <ns3:atemp>32.0</ns3:atemp>
            <ns3:hr>134</ns3:hr>
            <ns3:cad>92</ns3:cad>
          </ns3:TrackPointExtension>
        </extensions>
      </trkpt>
      <trkpt lat="31.02047774009406566619873046875" lon="121.4236901141703128814697265625">
        <ele>8.19999980926513671875</ele>
        <time>2026-08-05T10:28:40.000Z</time>
        <extensions>
          <ns3:TrackPointExtension>
            <ns3:atemp>32.0</ns3:atemp>
            <ns3:hr>134</ns3:hr>
            <ns3:cad>93</ns3:cad>
          </ns3:TrackPointExtension>
        </extensions>
      </trkpt>
      <trkpt lat="31.0204753093421459197998046875" lon="121.423712410032749176025390625">
        <ele>8.19999980926513671875</ele>
        <time>2026-08-05T10:28:41.000Z</time>
        <extensions>
          <ns3:TrackPointExtension>
            <ns3:atemp>32.0</ns3:atemp>
            <ns3:hr>135</ns3:hr>
            <ns3:cad>93</ns3:cad>
          </ns3:TrackPointExtension>
        </extensions>
      </trkpt>
      <trkpt lat="31.02047304622828960418701171875" lon="121.4237625338137149810791015625">
        <ele>8.19999980926513671875</ele>
        <time>2026-08-05T10:28:42.000Z</time>
        <extensions>
          <ns3:TrackPointExtension>
            <ns3:atemp>32.0</ns3:atemp>
            <ns3:hr>136</ns3:hr>
            <ns3:cad>92</ns3:cad>
          </ns3:TrackPointExtension>
        </extensions>
      </trkpt>
      <trkpt lat="31.02047371678054332733154296875" lon="121.42378239892423152923583984375">
        <ele>8.19999980926513671875</ele>
        <time>2026-08-05T10:28:43.000Z</time>
        <extensions>
          <ns3:TrackPointExtension>
            <ns3:atemp>32.0</ns3:atemp>
            <ns3:hr>136</ns3:hr>
            <ns3:cad>92</ns3:cad>
          </ns3:TrackPointExtension>
        </extensions>
      </trkpt>
      <trkpt lat="31.020479165017604827880859375" lon="121.423833779990673065185546875">
        <ele>8.19999980926513671875</ele>
        <time>2026-08-05T10:28:44.000Z</time>
        <extensions>
          <ns3:TrackPointExtension>
            <ns3:atemp>32.0</ns3:atemp>
            <ns3:hr>136</ns3:hr>
            <ns3:cad>92</ns3:cad>
          </ns3:TrackPointExtension>
        </extensions>
      </trkpt>
      <trkpt lat="31.02048126049339771270751953125" lon="121.42384811304509639739990234375">
        <ele>8.19999980926513671875</ele>
        <time>2026-08-05T10:28:45.000Z</time>
        <extensions>
          <ns3:TrackPointExtension>
            <ns3:atemp>32.0</ns3:atemp>
            <ns3:hr>136</ns3:hr>
            <ns3:cad>93</ns3:cad>
          </ns3:TrackPointExtension>
        </extensions>
      </trkpt>
      <trkpt lat="31.02049651555716991424560546875" lon="121.4239060319960117340087890625">
        <ele>8.19999980926513671875</ele>
        <time>2026-08-05T10:28:46.000Z</time>
        <extensions>
          <ns3:TrackPointExtension>
            <ns3:atemp>32.0</ns3:atemp>
            <ns3:hr>137</ns3:hr>
            <ns3:cad>92</ns3:cad>
          </ns3:TrackPointExtension>
        </extensions>
      </trkpt>
      <trkpt lat="31.0204987786710262298583984375" lon="121.4239117316901683807373046875">
        <ele>8.19999980926513671875</ele>
        <time>2026-08-05T10:28:47.000Z</time>
        <extensions>
          <ns3:TrackPointExtension>
            <ns3:atemp>32.0</ns3:atemp>
            <ns3:hr>137</ns3:hr>
            <ns3:cad>92</ns3:cad>
          </ns3:TrackPointExtension>
        </extensions>
      </trkpt>
      <trkpt lat="31.02051830850541591644287109375" lon="121.423958502709865570068359375">
        <ele>8.19999980926513671875</ele>
        <time>2026-08-05T10:28:48.000Z</time>
        <extensions>
          <ns3:TrackPointExtension>
            <ns3:atemp>32.0</ns3:atemp>
            <ns3:hr>138</ns3:hr>
            <ns3:cad>92</ns3:cad>
          </ns3:TrackPointExtension>
        </extensions>
      </trkpt>
      <trkpt lat="31.020527444779872894287109375" lon="121.42397535033524036407470703125">
        <ele>8.19999980926513671875</ele>
        <time>2026-08-05T10:28:49.000Z</time>
        <extensions>
          <ns3:TrackPointExtension>
            <ns3:atemp>32.0</ns3:atemp>
            <ns3:hr>138</ns3:hr>
            <ns3:cad>93</ns3:cad>
          </ns3:TrackPointExtension>
        </extensions>
      </trkpt>
      <trkpt lat="31.02055259048938751220703125" lon="121.424015499651432037353515625">
        <ele>8.19999980926513671875</ele>
        <time>2026-08-05T10:28:50.000Z</time>
        <extensions>
          <ns3:TrackPointExtension>
            <ns3:atemp>32.0</ns3:atemp>
            <ns3:hr>138</ns3:hr>
            <ns3:cad>93</ns3:cad>
          </ns3:TrackPointExtension>
        </extensions>
      </trkpt>
      <trkpt lat="31.02056290023028850555419921875" lon="121.4240299165248870849609375">
        <ele>8.19999980926513671875</ele>
        <time>2026-08-05T10:28:51.000Z</time>
        <extensions>
          <ns3:TrackPointExtension>
            <ns3:atemp>32.0</ns3:atemp>
            <ns3:hr>139</ns3:hr>
            <ns3:cad>93</ns3:cad>
          </ns3:TrackPointExtension>
        </extensions>
      </trkpt>
      <trkpt lat="31.0205946676433086395263671875" lon="121.42406570725142955780029296875">
        <ele>8.19999980926513671875</ele>
        <time>2026-08-05T10:28:52.000Z</time>
        <extensions>
          <ns3:TrackPointExtension>
            <ns3:atemp>32.0</ns3:atemp>
            <ns3:hr>139</ns3:hr>
            <ns3:cad>93</ns3:cad>
          </ns3:TrackPointExtension>
        </extensions>
      </trkpt>
      <trkpt lat="31.0206154547631740570068359375" lon="121.42408431507647037506103515625">
        <ele>8.19999980926513671875</ele>
        <time>2026-08-05T10:28:53.000Z</time>
        <extensions>
          <ns3:TrackPointExtension>
            <ns3:atemp>32.0</ns3:atemp>
            <ns3:hr>139</ns3:hr>
            <ns3:cad>92</ns3:cad>
          </ns3:TrackPointExtension>
        </extensions>
      </trkpt>
      <trkpt lat="31.020635403692722320556640625" lon="121.42410074360668659210205078125">
        <ele>8.19999980926513671875</ele>
        <time>2026-08-05T10:28:54.000Z</time>
        <extensions>
          <ns3:TrackPointExtension>
            <ns3:atemp>32.0</ns3:atemp>
            <ns3:hr>140</ns3:hr>
            <ns3:cad>91</ns3:cad>
          </ns3:TrackPointExtension>
        </extensions>
      </trkpt>
      <trkpt lat="31.020669601857662200927734375" lon="121.424122117459774017333984375">
        <ele>8.19999980926513671875</ele>
        <time>2026-08-05T10:28:55.000Z</time>
        <extensions>
          <ns3:TrackPointExtension>
            <ns3:atemp>32.0</ns3:atemp>
            <ns3:hr>140</ns3:hr>
            <ns3:cad>91</ns3:cad>
          </ns3:TrackPointExtension>
        </extensions>
      </trkpt>
      <trkpt lat="31.02068494074046611785888671875" lon="121.424130164086818695068359375">
        <ele>8.19999980926513671875</ele>
        <time>2026-08-05T10:28:56.000Z</time>
        <extensions>
          <ns3:TrackPointExtension>
            <ns3:atemp>32.0</ns3:atemp>
            <ns3:hr>141</ns3:hr>
            <ns3:cad>94</ns3:cad>
          </ns3:TrackPointExtension>
        </extensions>
      </trkpt>
      <trkpt lat="31.0207328014075756072998046875" lon="121.42414860427379608154296875">
        <ele>8.19999980926513671875</ele>
        <time>2026-08-05T10:28:57.000Z</time>
        <extensions>
          <ns3:TrackPointExtension>
            <ns3:atemp>32.0</ns3:atemp>
            <ns3:hr>141</ns3:hr>
            <ns3:cad>94</ns3:cad>
          </ns3:TrackPointExtension>
        </extensions>
      </trkpt>
      <trkpt lat="31.0207425244152545928955078125" lon="121.42415120266377925872802734375">
        <ele>8.19999980926513671875</ele>
        <time>2026-08-05T10:28:58.000Z</time>
        <extensions>
          <ns3:TrackPointExtension>
            <ns3:atemp>32.0</ns3:atemp>
            <ns3:hr>141</ns3:hr>
            <ns3:cad>94</ns3:cad>
          </ns3:TrackPointExtension>
        </extensions>
      </trkpt>
      <trkpt lat="31.0208000242710113525390625" lon="121.42416067421436309814453125">
        <ele>8.19999980926513671875</ele>
        <time>2026-08-05T10:28:59.000Z</time>
        <extensions>
          <ns3:TrackPointExtension>
            <ns3:atemp>32.0</ns3:atemp>
            <ns3:hr>141</ns3:hr>
            <ns3:cad>93</ns3:cad>
          </ns3:TrackPointExtension>
        </extensions>
      </trkpt>
      <trkpt lat="31.0208048857748508453369140625" lon="121.42416126094758510589599609375">
        <ele>8.19999980926513671875</ele>
        <time>2026-08-05T10:29:00.000Z</time>
        <extensions>
          <ns3:TrackPointExtension>
            <ns3:atemp>32.0</ns3:atemp>
            <ns3:hr>142</ns3:hr>
            <ns3:cad>92</ns3:cad>
          </ns3:TrackPointExtension>
        </extensions>
      </trkpt>
      <trkpt lat="31.020849309861660003662109375" lon="121.42415975220501422882080078125">
        <ele>8.19999980926513671875</ele>
        <time>2026-08-05T10:29:01.000Z</time>
        <extensions>
          <ns3:TrackPointExtension>
            <ns3:atemp>32.0</ns3:atemp>
            <ns3:hr>142</ns3:hr>
            <ns3:cad>92</ns3:cad>
          </ns3:TrackPointExtension>
        </extensions>
      </trkpt>
      <trkpt lat="31.020865738391876220703125" lon="121.42415723763406276702880859375">
        <ele>8.19999980926513671875</ele>
        <time>2026-08-05T10:29:02.000Z</time>
        <extensions>
          <ns3:TrackPointExtension>
            <ns3:atemp>32.0</ns3:atemp>
            <ns3:hr>142</ns3:hr>
            <ns3:cad>93</ns3:cad>
          </ns3:TrackPointExtension>
        </extensions>
      </trkpt>
      <trkpt lat="31.02090102620422840118408203125" lon="121.42414969392120838165283203125">
        <ele>8.19999980926513671875</ele>
        <time>2026-08-05T10:29:03.000Z</time>
        <extensions>
          <ns3:TrackPointExtension>
            <ns3:atemp>32.0</ns3:atemp>
            <ns3:hr>143</ns3:hr>
            <ns3:cad>93</ns3:cad>
          </ns3:TrackPointExtension>
        </extensions>
      </trkpt>
      <trkpt lat="31.0209373198449611663818359375" lon="121.42413653433322906494140625">
        <ele>8.19999980926513671875</ele>
        <time>2026-08-05T10:29:04.000Z</time>
        <extensions>
          <ns3:TrackPointExtension>
            <ns3:atemp>32.0</ns3:atemp>
            <ns3:hr>143</ns3:hr>
            <ns3:cad>93</ns3:cad>
          </ns3:TrackPointExtension>
        </extensions>
      </trkpt>
      <trkpt lat="31.0209641419351100921630859375" lon="121.4241249673068523406982421875">
        <ele>8.19999980926513671875</ele>
        <time>2026-08-05T10:29:05.000Z</time>
        <extensions>
          <ns3:TrackPointExtension>
            <ns3:atemp>32.0</ns3:atemp>
            <ns3:hr>143</ns3:hr>
            <ns3:cad>93</ns3:cad>
          </ns3:TrackPointExtension>
        </extensions>
      </trkpt>
      <trkpt lat="31.0210020281374454498291015625" lon="121.42410795204341411590576171875">
        <ele>8.19999980926513671875</ele>
        <time>2026-08-05T10:29:06.000Z</time>
        <extensions>
          <ns3:TrackPointExtension>
            <ns3:atemp>32.0</ns3:atemp>
            <ns3:hr>143</ns3:hr>
            <ns3:cad>93</ns3:cad>
          </ns3:TrackPointExtension>
        </extensions>
      </trkpt>
      <trkpt lat="31.02101066149771213531494140625" lon="121.42410409636795520782470703125">
        <ele>8.19999980926513671875</ele>
        <time>2026-08-05T10:29:07.000Z</time>
        <extensions>
          <ns3:TrackPointExtension>
            <ns3:atemp>32.0</ns3:atemp>
            <ns3:hr>143</ns3:hr>
            <ns3:cad>94</ns3:cad>
          </ns3:TrackPointExtension>
        </extensions>
      </trkpt>
      <trkpt lat="31.02105877362191677093505859375" lon="121.424082554876804351806640625">
        <ele>8.19999980926513671875</ele>
        <time>2026-08-05T10:29:08.000Z</time>
        <extensions>
          <ns3:TrackPointExtension>
            <ns3:atemp>32.0</ns3:atemp>
            <ns3:hr>143</ns3:hr>
            <ns3:cad>93</ns3:cad>
          </ns3:TrackPointExtension>
        </extensions>
      </trkpt>
      <trkpt lat="31.02106614969670772552490234375" lon="121.42407928593456745147705078125">
        <ele>8.19999980926513671875</ele>
        <time>2026-08-05T10:29:09.000Z</time>
        <extensions>
          <ns3:TrackPointExtension>
            <ns3:atemp>32.0</ns3:atemp>
            <ns3:hr>143</ns3:hr>
            <ns3:cad>93</ns3:cad>
          </ns3:TrackPointExtension>
        </extensions>
      </trkpt>
      <trkpt lat="31.0211096517741680145263671875" lon="121.424059756100177764892578125">
        <ele>8.19999980926513671875</ele>
        <time>2026-08-05T10:29:10.000Z</time>
        <extensions>
          <ns3:TrackPointExtension>
            <ns3:atemp>32.0</ns3:atemp>
            <ns3:hr>143</ns3:hr>
            <ns3:cad>93</ns3:cad>
          </ns3:TrackPointExtension>
        </extensions>
      </trkpt>
      <trkpt lat="31.02112147025763988494873046875" lon="121.42405447550117969512939453125">
        <ele>8.19999980926513671875</ele>
        <time>2026-08-05T10:29:11.000Z</time>
        <extensions>
          <ns3:TrackPointExtension>
            <ns3:atemp>32.0</ns3:atemp>
            <ns3:hr>143</ns3:hr>
            <ns3:cad>93</ns3:cad>
          </ns3:TrackPointExtension>
        </extensions>
      </trkpt>
      <trkpt lat="31.02116589434444904327392578125" lon="121.42403461039066314697265625">
        <ele>8.19999980926513671875</ele>
        <time>2026-08-05T10:29:12.000Z</time>
        <extensions>
          <ns3:TrackPointExtension>
            <ns3:atemp>32.0</ns3:atemp>
            <ns3:hr>142</ns3:hr>
            <ns3:cad>92</ns3:cad>
          </ns3:TrackPointExtension>
        </extensions>
      </trkpt>
      <trkpt lat="31.021187938749790191650390625" lon="121.4240247197449207305908203125">
        <ele>8.19999980926513671875</ele>
        <time>2026-08-05T10:29:13.000Z</time>
        <extensions>
          <ns3:TrackPointExtension>
            <ns3:atemp>32.0</ns3:atemp>
            <ns3:hr>143</ns3:hr>
            <ns3:cad>92</ns3:cad>
          </ns3:TrackPointExtension>
        </extensions>
      </trkpt>
      <trkpt lat="31.0212157666683197021484375" lon="121.42401223070919513702392578125">
        <ele>8.19999980926513671875</ele>
        <time>2026-08-05T10:29:14.000Z</time>
        <extensions>
          <ns3:TrackPointExtension>
            <ns3:atemp>32.0</ns3:atemp>
            <ns3:hr>143</ns3:hr>
            <ns3:cad>92</ns3:cad>
          </ns3:TrackPointExtension>
        </extensions>
      </trkpt>
      <trkpt lat="31.0212447680532932281494140625" lon="121.4239992387592792510986328125">
        <ele>8.19999980926513671875</ele>
        <time>2026-08-05T10:29:15.000Z</time>
        <extensions>
          <ns3:TrackPointExtension>
            <ns3:atemp>32.0</ns3:atemp>
            <ns3:hr>143</ns3:hr>
            <ns3:cad>92</ns3:cad>
          </ns3:TrackPointExtension>
        </extensions>
      </trkpt>
      <trkpt lat="31.02126211859285831451416015625" lon="121.42399144358932971954345703125">
        <ele>8.19999980926513671875</ele>
        <time>2026-08-05T10:29:16.000Z</time>
        <extensions>
          <ns3:TrackPointExtension>
            <ns3:atemp>32.0</ns3:atemp>
            <ns3:hr>143</ns3:hr>
            <ns3:cad>92</ns3:cad>
          </ns3:TrackPointExtension>
        </extensions>
      </trkpt>
      <trkpt lat="31.02130897343158721923828125" lon="121.42397048883140087127685546875">
        <ele>8.19999980926513671875</ele>
        <time>2026-08-05T10:29:17.000Z</time>
        <extensions>
          <ns3:TrackPointExtension>
            <ns3:atemp>32.0</ns3:atemp>
            <ns3:hr>143</ns3:hr>
            <ns3:cad>94</ns3:cad>
          </ns3:TrackPointExtension>
        </extensions>
      </trkpt>
      <trkpt lat="31.02131660096347332000732421875" lon="121.4239670522511005401611328125">
        <ele>8.19999980926513671875</ele>
        <time>2026-08-05T10:29:18.000Z</time>
        <extensions>
          <ns3:TrackPointExtension>
            <ns3:atemp>32.0</ns3:atemp>
            <ns3:hr>143</ns3:hr>
            <ns3:cad>94</ns3:cad>
          </ns3:TrackPointExtension>
        </extensions>
      </trkpt>
      <trkpt lat="31.02136119268834590911865234375" lon="121.423947103321552276611328125">
        <ele>8.19999980926513671875</ele>
        <time>2026-08-05T10:29:19.000Z</time>
        <extensions>
          <ns3:TrackPointExtension>
            <ns3:atemp>32.0</ns3:atemp>
            <ns3:hr>144</ns3:hr>
            <ns3:cad>94</ns3:cad>
          </ns3:TrackPointExtension>
        </extensions>
      </trkpt>
      <trkpt lat="31.0213782079517841339111328125" lon="121.42393947578966617584228515625">
        <ele>8.19999980926513671875</ele>
        <time>2026-08-05T10:29:20.000Z</time>
        <extensions>
          <ns3:TrackPointExtension>
            <ns3:atemp>32.0</ns3:atemp>
            <ns3:hr>144</ns3:hr>
            <ns3:cad>93</ns3:cad>
          </ns3:TrackPointExtension>
        </extensions>
      </trkpt>
      <trkpt lat="31.021407209336757659912109375" lon="121.4239264838397502899169921875">
        <ele>8.19999980926513671875</ele>
        <time>2026-08-05T10:29:21.000Z</time>
        <extensions>
          <ns3:TrackPointExtension>
            <ns3:atemp>32.0</ns3:atemp>
            <ns3:hr>144</ns3:hr>
            <ns3:cad>93</ns3:cad>
          </ns3:TrackPointExtension>
        </extensions>
      </trkpt>
      <trkpt lat="31.0214437544345855712890625" lon="121.42391013912856578826904296875">
        <ele>8.19999980926513671875</ele>
        <time>2026-08-05T10:29:22.000Z</time>
        <extensions>
          <ns3:TrackPointExtension>
            <ns3:atemp>32.0</ns3:atemp>
            <ns3:hr>144</ns3:hr>
            <ns3:cad>94</ns3:cad>
          </ns3:TrackPointExtension>
        </extensions>
      </trkpt>
      <trkpt lat="31.0214606858789920806884765625" lon="121.4239025115966796875">
        <ele>8.19999980926513671875</ele>
        <time>2026-08-05T10:29:23.000Z</time>
        <extensions>
          <ns3:TrackPointExtension>
            <ns3:atemp>32.0</ns3:atemp>
            <ns3:hr>144</ns3:hr>
            <ns3:cad>94</ns3:cad>
          </ns3:TrackPointExtension>
        </extensions>
      </trkpt>
      <trkpt lat="31.02150485850870609283447265625" lon="121.423882730305194854736328125">
        <ele>8.19999980926513671875</ele>
        <time>2026-08-05T10:29:24.000Z</time>
        <extensions>
          <ns3:TrackPointExtension>
            <ns3:atemp>32.0</ns3:atemp>
            <ns3:hr>144</ns3:hr>
            <ns3:cad>94</ns3:cad>
          </ns3:TrackPointExtension>
        </extensions>
      </trkpt>
      <trkpt lat="31.0215175151824951171875" lon="121.42387711443006992340087890625">
        <ele>8.19999980926513671875</ele>
        <time>2026-08-05T10:29:25.000Z</time>
        <extensions>
          <ns3:TrackPointExtension>
            <ns3:atemp>32.0</ns3:atemp>
            <ns3:hr>144</ns3:hr>
            <ns3:cad>93</ns3:cad>
          </ns3:TrackPointExtension>
        </extensions>
      </trkpt>
      <trkpt lat="31.021566130220890045166015625" lon="121.423855237662792205810546875">
        <ele>8.19999980926513671875</ele>
        <time>2026-08-05T10:29:26.000Z</time>
        <extensions>
          <ns3:TrackPointExtension>
            <ns3:atemp>32.0</ns3:atemp>
            <ns3:hr>144</ns3:hr>
            <ns3:cad>93</ns3:cad>
          </ns3:TrackPointExtension>
        </extensions>
      </trkpt>
      <trkpt lat="31.02157845161855220794677734375" lon="121.42384978942573070526123046875">
        <ele>8.19999980926513671875</ele>
        <time>2026-08-05T10:29:27.000Z</time>
        <extensions>
          <ns3:TrackPointExtension>
            <ns3:atemp>32.0</ns3:atemp>
            <ns3:hr>145</ns3:hr>
            <ns3:cad>93</ns3:cad>
          </ns3:TrackPointExtension>
        </extensions>
      </trkpt>
      <trkpt lat="31.0216154158115386962890625" lon="121.42383235506713390350341796875">
        <ele>8.19999980926513671875</ele>
        <time>2026-08-05T10:29:28.000Z</time>
        <extensions>
          <ns3:TrackPointExtension>
            <ns3:atemp>32.0</ns3:atemp>
            <ns3:hr>144</ns3:hr>
            <ns3:cad>94</ns3:cad>
          </ns3:TrackPointExtension>
        </extensions>
      </trkpt>
      <trkpt lat="31.02163963951170444488525390625" lon="121.42381927929818630218505859375">
        <ele>8.19999980926513671875</ele>
        <time>2026-08-05T10:29:29.000Z</time>
        <extensions>
          <ns3:TrackPointExtension>
            <ns3:atemp>32.0</ns3:atemp>
            <ns3:hr>144</ns3:hr>
            <ns3:cad>94</ns3:cad>
          </ns3:TrackPointExtension>
        </extensions>
      </trkpt>
      <trkpt lat="31.0216668806970119476318359375" lon="121.42380067147314548492431640625">
        <ele>8.19999980926513671875</ele>
        <time>2026-08-05T10:29:30.000Z</time>
        <extensions>
          <ns3:TrackPointExtension>
            <ns3:atemp>32.0</ns3:atemp>
            <ns3:hr>144</ns3:hr>
            <ns3:cad>93</ns3:cad>
          </ns3:TrackPointExtension>
        </extensions>
      </trkpt>
      <trkpt lat="31.02170133031904697418212890625" lon="121.42377150245010852813720703125">
        <ele>8.19999980926513671875</ele>
        <time>2026-08-05T10:29:31.000Z</time>
        <extensions>
          <ns3:TrackPointExtension>
            <ns3:atemp>32.0</ns3:atemp>
            <ns3:hr>144</ns3:hr>
            <ns3:cad>93</ns3:cad>
          </ns3:TrackPointExtension>
        </extensions>
      </trkpt>
      <trkpt lat="31.021712981164455413818359375" lon="121.4237601868808269500732421875">
        <ele>8.19999980926513671875</ele>
        <time>2026-08-05T10:29:32.000Z</time>
        <extensions>
          <ns3:TrackPointExtension>
            <ns3:atemp>32.0</ns3:atemp>
            <ns3:hr>145</ns3:hr>
            <ns3:cad>93</ns3:cad>
          </ns3:TrackPointExtension>
        </extensions>
      </trkpt>
      <trkpt lat="31.021750532090663909912109375" lon="121.42371475696563720703125">
        <ele>8.19999980926513671875</ele>
        <time>2026-08-05T10:29:33.000Z</time>
        <extensions>
          <ns3:TrackPointExtension>
            <ns3:atemp>32.0</ns3:atemp>
            <ns3:hr>144</ns3:hr>
            <ns3:cad>94</ns3:cad>
          </ns3:TrackPointExtension>
        </extensions>
      </trkpt>
      <trkpt lat="31.02175665087997913360595703125" lon="121.42370469868183135986328125">
        <ele>8.19999980926513671875</ele>
        <time>2026-08-05T10:29:34.000Z</time>
        <extensions>
          <ns3:TrackPointExtension>
            <ns3:atemp>32.0</ns3:atemp>
            <ns3:hr>144</ns3:hr>
            <ns3:cad>94</ns3:cad>
          </ns3:TrackPointExtension>
        </extensions>
      </trkpt>
      <trkpt lat="31.02178615517914295196533203125" lon="121.42365046776831150054931640625">
        <ele>8.19999980926513671875</ele>
        <time>2026-08-05T10:29:35.000Z</time>
        <extensions>
          <ns3:TrackPointExtension>
            <ns3:atemp>32.0</ns3:atemp>
            <ns3:hr>145</ns3:hr>
            <ns3:cad>93</ns3:cad>
          </ns3:TrackPointExtension>
        </extensions>
      </trkpt>
      <trkpt lat="31.02179202251136302947998046875" lon="121.42363755963742733001708984375">
        <ele>8.19999980926513671875</ele>
        <time>2026-08-05T10:29:36.000Z</time>
        <extensions>
          <ns3:TrackPointExtension>
            <ns3:atemp>32.0</ns3:atemp>
            <ns3:hr>145</ns3:hr>
            <ns3:cad>93</ns3:cad>
          </ns3:TrackPointExtension>
        </extensions>
      </trkpt>
      <trkpt lat="31.02180845104157924652099609375" lon="121.4235908724367618560791015625">
        <ele>8.19999980926513671875</ele>
        <time>2026-08-05T10:29:37.000Z</time>
        <extensions>
          <ns3:TrackPointExtension>
            <ns3:atemp>32.0</ns3:atemp>
            <ns3:hr>145</ns3:hr>
            <ns3:cad>93</ns3:cad>
          </ns3:TrackPointExtension>
        </extensions>
      </trkpt>
      <trkpt lat="31.0218160785734653472900390625" lon="121.42356094904243946075439453125">
        <ele>8.19999980926513671875</ele>
        <time>2026-08-05T10:29:38.000Z</time>
        <extensions>
          <ns3:TrackPointExtension>
            <ns3:atemp>32.0</ns3:atemp>
            <ns3:hr>145</ns3:hr>
            <ns3:cad>94</ns3:cad>
          </ns3:TrackPointExtension>
        </extensions>
      </trkpt>
      <trkpt lat="31.0218217782676219940185546875" lon="121.42353144474327564239501953125">
        <ele>8.19999980926513671875</ele>
        <time>2026-08-05T10:29:39.000Z</time>
        <extensions>
          <ns3:TrackPointExtension>
            <ns3:atemp>32.0</ns3:atemp>
            <ns3:hr>146</ns3:hr>
            <ns3:cad>94</ns3:cad>
          </ns3:TrackPointExtension>
        </extensions>
      </trkpt>
      <trkpt lat="31.0218261368572711944580078125" lon="121.42348651774227619171142578125">
        <ele>8.19999980926513671875</ele>
        <time>2026-08-05T10:29:40.000Z</time>
        <extensions>
          <ns3:TrackPointExtension>
            <ns3:atemp>32.0</ns3:atemp>
            <ns3:hr>146</ns3:hr>
            <ns3:cad>93</ns3:cad>
          </ns3:TrackPointExtension>
        </extensions>
      </trkpt>
      <trkpt lat="31.0218271426856517791748046875" lon="121.42346673645079135894775390625">
        <ele>8.19999980926513671875</ele>
        <time>2026-08-05T10:29:41.000Z</time>
        <extensions>
          <ns3:TrackPointExtension>
            <ns3:atemp>32.0</ns3:atemp>
            <ns3:hr>146</ns3:hr>
            <ns3:cad>93</ns3:cad>
          </ns3:TrackPointExtension>
        </extensions>
      </trkpt>
      <trkpt lat="31.02182404138147830963134765625" lon="121.423408985137939453125">
        <ele>8.19999980926513671875</ele>
        <time>2026-08-05T10:29:42.000Z</time>
        <extensions>
          <ns3:TrackPointExtension>
            <ns3:atemp>32.0</ns3:atemp>
            <ns3:hr>145</ns3:hr>
            <ns3:cad>93</ns3:cad>
          </ns3:TrackPointExtension>
        </extensions>
      </trkpt>
      <trkpt lat="31.02182261645793914794921875" lon="121.4233994297683238983154296875">
        <ele>8.19999980926513671875</ele>
        <time>2026-08-05T10:29:43.000Z</time>
        <extensions>
          <ns3:TrackPointExtension>
            <ns3:atemp>32.0</ns3:atemp>
            <ns3:hr>146</ns3:hr>
            <ns3:cad>93</ns3:cad>
          </ns3:TrackPointExtension>
        </extensions>
      </trkpt>
      <trkpt lat="31.0218112170696258544921875" lon="121.42334201373159885406494140625">
        <ele>8.19999980926513671875</ele>
        <time>2026-08-05T10:29:44.000Z</time>
        <extensions>
          <ns3:TrackPointExtension>
            <ns3:atemp>32.0</ns3:atemp>
            <ns3:hr>146</ns3:hr>
            <ns3:cad>94</ns3:cad>
          </ns3:TrackPointExtension>
        </extensions>
      </trkpt>
      <trkpt lat="31.02180694229900836944580078125" lon="121.4233260042965412139892578125">
        <ele>8.19999980926513671875</ele>
        <time>2026-08-05T10:29:45.000Z</time>
        <extensions>
          <ns3:TrackPointExtension>
            <ns3:atemp>32.0</ns3:atemp>
            <ns3:hr>146</ns3:hr>
            <ns3:cad>93</ns3:cad>
          </ns3:TrackPointExtension>
        </extensions>
      </trkpt>
      <trkpt lat="31.0217875801026821136474609375" lon="121.4232740364968776702880859375">
        <ele>8.19999980926513671875</ele>
        <time>2026-08-05T10:29:46.000Z</time>
        <extensions>
          <ns3:TrackPointExtension>
            <ns3:atemp>32.0</ns3:atemp>
            <ns3:hr>147</ns3:hr>
            <ns3:cad>93</ns3:cad>
          </ns3:TrackPointExtension>
        </extensions>
      </trkpt>
      <trkpt lat="31.02177894674241542816162109375" lon="121.4232566021382808685302734375">
        <ele>8.19999980926513671875</ele>
        <time>2026-08-05T10:29:47.000Z</time>
        <extensions>
          <ns3:TrackPointExtension>
            <ns3:atemp>32.0</ns3:atemp>
            <ns3:hr>147</ns3:hr>
            <ns3:cad>92</ns3:cad>
          </ns3:TrackPointExtension>
        </extensions>
      </trkpt>
      <trkpt lat="31.02176117710769176483154296875" lon="121.42322382889688014984130859375">
        <ele>8.19999980926513671875</ele>
        <time>2026-08-05T10:29:48.000Z</time>
        <extensions>
          <ns3:TrackPointExtension>
            <ns3:atemp>32.0</ns3:atemp>
            <ns3:hr>147</ns3:hr>
            <ns3:cad>92</ns3:cad>
          </ns3:TrackPointExtension>
        </extensions>
      </trkpt>
      <trkpt lat="31.021735109388828277587890625" lon="121.42318728379905223846435546875">
        <ele>8.19999980926513671875</ele>
        <time>2026-08-05T10:29:49.000Z</time>
        <extensions>
          <ns3:TrackPointExtension>
            <ns3:atemp>32.0</ns3:atemp>
            <ns3:hr>147</ns3:hr>
            <ns3:cad>92</ns3:cad>
          </ns3:TrackPointExtension>
        </extensions>
      </trkpt>
      <trkpt lat="31.0217252187430858612060546875" lon="121.4231758005917072296142578125">
        <ele>8.19999980926513671875</ele>
        <time>2026-08-05T10:29:50.000Z</time>
        <extensions>
          <ns3:TrackPointExtension>
            <ns3:atemp>32.0</ns3:atemp>
            <ns3:hr>147</ns3:hr>
            <ns3:cad>93</ns3:cad>
          </ns3:TrackPointExtension>
        </extensions>
      </trkpt>
      <trkpt lat="31.02168490178883075714111328125" lon="121.42313598655164241790771484375">
        <ele>8.19999980926513671875</ele>
        <time>2026-08-05T10:29:51.000Z</time>
        <extensions>
          <ns3:TrackPointExtension>
            <ns3:atemp>32.0</ns3:atemp>
            <ns3:hr>147</ns3:hr>
            <ns3:cad>93</ns3:cad>
          </ns3:TrackPointExtension>
        </extensions>
      </trkpt>
      <trkpt lat="31.0216759331524372100830078125" lon="121.42312861047685146331787109375">
        <ele>8.19999980926513671875</ele>
        <time>2026-08-05T10:29:52.000Z</time>
        <extensions>
          <ns3:TrackPointExtension>
            <ns3:atemp>32.0</ns3:atemp>
            <ns3:hr>147</ns3:hr>
            <ns3:cad>92</ns3:cad>
          </ns3:TrackPointExtension>
        </extensions>
      </trkpt>
      <trkpt lat="31.02163176052272319793701171875" lon="121.42309860326349735260009765625">
        <ele>8.19999980926513671875</ele>
        <time>2026-08-05T10:29:53.000Z</time>
        <extensions>
          <ns3:TrackPointExtension>
            <ns3:atemp>32.0</ns3:atemp>
            <ns3:hr>147</ns3:hr>
            <ns3:cad>92</ns3:cad>
          </ns3:TrackPointExtension>
        </extensions>
      </trkpt>
      <trkpt lat="31.02162388153374195098876953125" lon="121.4230938255786895751953125">
        <ele>8.19999980926513671875</ele>
        <time>2026-08-05T10:29:54.000Z</time>
        <extensions>
          <ns3:TrackPointExtension>
            <ns3:atemp>32.0</ns3:atemp>
            <ns3:hr>147</ns3:hr>
            <ns3:cad>94</ns3:cad>
          </ns3:TrackPointExtension>
        </extensions>
      </trkpt>
      <trkpt lat="31.02157845161855220794677734375" lon="121.42307429574429988861083984375">
        <ele>8.19999980926513671875</ele>
        <time>2026-08-05T10:29:55.000Z</time>
        <extensions>
          <ns3:TrackPointExtension>
            <ns3:atemp>32.0</ns3:atemp>
            <ns3:hr>147</ns3:hr>
            <ns3:cad>94</ns3:cad>
          </ns3:TrackPointExtension>
        </extensions>
      </trkpt>
      <trkpt lat="31.02156571112573146820068359375" lon="121.42307094298303127288818359375">
        <ele>8.19999980926513671875</ele>
        <time>2026-08-05T10:29:56.000Z</time>
        <extensions>
          <ns3:TrackPointExtension>
            <ns3:atemp>32.0</ns3:atemp>
            <ns3:hr>147</ns3:hr>
            <ns3:cad>94</ns3:cad>
          </ns3:TrackPointExtension>
        </extensions>
      </trkpt>
      <trkpt lat="31.021525897085666656494140625" lon="121.423061974346637725830078125">
        <ele>8.19999980926513671875</ele>
        <time>2026-08-05T10:29:57.000Z</time>
        <extensions>
          <ns3:TrackPointExtension>
            <ns3:atemp>32.0</ns3:atemp>
            <ns3:hr>147</ns3:hr>
            <ns3:cad>93</ns3:cad>
          </ns3:TrackPointExtension>
        </extensions>
      </trkpt>
      <trkpt lat="31.0214982368052005767822265625" lon="121.42305904068052768707275390625">
        <ele>8.19999980926513671875</ele>
        <time>2026-08-05T10:29:58.000Z</time>
        <extensions>
          <ns3:TrackPointExtension>
            <ns3:atemp>32.0</ns3:atemp>
            <ns3:hr>147</ns3:hr>
            <ns3:cad>92</ns3:cad>
          </ns3:TrackPointExtension>
        </extensions>
      </trkpt>
      <trkpt lat="31.02147116325795650482177734375" lon="121.4230591244995594024658203125">
        <ele>8.19999980926513671875</ele>
        <time>2026-08-05T10:29:59.000Z</time>
        <extensions>
          <ns3:TrackPointExtension>
            <ns3:atemp>32.0</ns3:atemp>
            <ns3:hr>147</ns3:hr>
            <ns3:cad>92</ns3:cad>
          </ns3:TrackPointExtension>
        </extensions>
      </trkpt>
      <trkpt lat="31.021425984799861907958984375" lon="121.4230643212795257568359375">
        <ele>8.19999980926513671875</ele>
        <time>2026-08-05T10:30:00.000Z</time>
        <extensions>
          <ns3:TrackPointExtension>
            <ns3:atemp>32.0</ns3:atemp>
            <ns3:hr>147</ns3:hr>
            <ns3:cad>93</ns3:cad>
          </ns3:TrackPointExtension>
        </extensions>
      </trkpt>
      <trkpt lat="31.0214107297360897064208984375" lon="121.423067338764667510986328125">
        <ele>8.19999980926513671875</ele>
        <time>2026-08-05T10:30:01.000Z</time>
        <extensions>
          <ns3:TrackPointExtension>
            <ns3:atemp>32.0</ns3:atemp>
            <ns3:hr>147</ns3:hr>
            <ns3:cad>93</ns3:cad>
          </ns3:TrackPointExtension>
        </extensions>
      </trkpt>
      <trkpt lat="31.0213611088693141937255859375" lon="121.42308385111391544342041015625">
        <ele>8.19999980926513671875</ele>
        <time>2026-08-05T10:30:02.000Z</time>
        <extensions>
          <ns3:TrackPointExtension>
            <ns3:atemp>32.0</ns3:atemp>
            <ns3:hr>147</ns3:hr>
            <ns3:cad>93</ns3:cad>
          </ns3:TrackPointExtension>
        </extensions>
      </trkpt>
      <trkpt lat="31.0213503800332546234130859375" lon="121.42308837734162807464599609375">
        <ele>8.19999980926513671875</ele>
        <time>2026-08-05T10:30:03.000Z</time>
        <extensions>
          <ns3:TrackPointExtension>
            <ns3:atemp>32.0</ns3:atemp>
            <ns3:hr>147</ns3:hr>
            <ns3:cad>94</ns3:cad>
          </ns3:TrackPointExtension>
        </extensions>
      </trkpt>
      <trkpt lat="31.02130017243325710296630859375" lon="121.42311084084212779998779296875">
        <ele>8.19999980926513671875</ele>
        <time>2026-08-05T10:30:04.000Z</time>
        <extensions>
          <ns3:TrackPointExtension>
            <ns3:atemp>32.0</ns3:atemp>
            <ns3:hr>148</ns3:hr>
            <ns3:cad>94</ns3:cad>
          </ns3:TrackPointExtension>
        </extensions>
      </trkpt>
      <trkpt lat="31.0212962329387664794921875" lon="121.4231126010417938232421875">
        <ele>8.19999980926513671875</ele>
        <time>2026-08-05T10:30:05.000Z</time>
        <extensions>
          <ns3:TrackPointExtension>
            <ns3:atemp>32.0</ns3:atemp>
            <ns3:hr>147</ns3:hr>
            <ns3:cad>94</ns3:cad>
          </ns3:TrackPointExtension>
        </extensions>
      </trkpt>
      <trkpt lat="31.0212494619190692901611328125" lon="121.4231335557997226715087890625">
        <ele>8.19999980926513671875</ele>
        <time>2026-08-05T10:30:06.000Z</time>
        <extensions>
          <ns3:TrackPointExtension>
            <ns3:atemp>32.0</ns3:atemp>
            <ns3:hr>148</ns3:hr>
            <ns3:cad>94</ns3:cad>
          </ns3:TrackPointExtension>
        </extensions>
      </trkpt>
      <trkpt lat="31.0212385654449462890625" lon="121.423138417303562164306640625">
        <ele>8.19999980926513671875</ele>
        <time>2026-08-05T10:30:07.000Z</time>
        <extensions>
          <ns3:TrackPointExtension>
            <ns3:atemp>32.0</ns3:atemp>
            <ns3:hr>148</ns3:hr>
            <ns3:cad>93</ns3:cad>
          </ns3:TrackPointExtension>
        </extensions>
      </trkpt>
      <trkpt lat="31.02119766175746917724609375" lon="121.42315677367150783538818359375">
        <ele>8.19999980926513671875</ele>
        <time>2026-08-05T10:30:08.000Z</time>
        <extensions>
          <ns3:TrackPointExtension>
            <ns3:atemp>32.0</ns3:atemp>
            <ns3:hr>148</ns3:hr>
            <ns3:cad>93</ns3:cad>
          </ns3:TrackPointExtension>
        </extensions>
      </trkpt>
      <trkpt lat="31.02118131704628467559814453125" lon="121.4231640659272670745849609375">
        <ele>8.19999980926513671875</ele>
        <time>2026-08-05T10:30:09.000Z</time>
        <extensions>
          <ns3:TrackPointExtension>
            <ns3:atemp>32.0</ns3:atemp>
            <ns3:hr>148</ns3:hr>
            <ns3:cad>93</ns3:cad>
          </ns3:TrackPointExtension>
        </extensions>
      </trkpt>
      <trkpt lat="31.02114460431039333343505859375" lon="121.42318057827651500701904296875">
        <ele>8.19999980926513671875</ele>
        <time>2026-08-05T10:30:10.000Z</time>
        <extensions>
          <ns3:TrackPointExtension>
            <ns3:atemp>32.0</ns3:atemp>
            <ns3:hr>149</ns3:hr>
            <ns3:cad>93</ns3:cad>
          </ns3:TrackPointExtension>
        </extensions>
      </trkpt>
      <trkpt lat="31.02111510001122951507568359375" lon="121.42319373786449432373046875">
        <ele>8.19999980926513671875</ele>
        <time>2026-08-05T10:30:11.000Z</time>
        <extensions>
          <ns3:TrackPointExtension>
            <ns3:atemp>32.0</ns3:atemp>
            <ns3:hr>148</ns3:hr>
            <ns3:cad>93</ns3:cad>
          </ns3:TrackPointExtension>
        </extensions>
      </trkpt>
      <trkpt lat="31.0210897028446197509765625" lon="121.4232051372528076171875">
        <ele>8.19999980926513671875</ele>
        <time>2026-08-05T10:30:12.000Z</time>
        <extensions>
          <ns3:TrackPointExtension>
            <ns3:atemp>32.0</ns3:atemp>
            <ns3:hr>148</ns3:hr>
            <ns3:cad>93</ns3:cad>
          </ns3:TrackPointExtension>
        </extensions>
      </trkpt>
      <trkpt lat="31.02105575613677501678466796875" lon="121.42322030849754810333251953125">
        <ele>8.19999980926513671875</ele>
        <time>2026-08-05T10:30:13.000Z</time>
        <extensions>
          <ns3:TrackPointExtension>
            <ns3:atemp>32.0</ns3:atemp>
            <ns3:hr>149</ns3:hr>
            <ns3:cad>92</ns3:cad>
          </ns3:TrackPointExtension>
        </extensions>
      </trkpt>
      <trkpt lat="31.0210338793694972991943359375" lon="121.4232301153242588043212890625">
        <ele>8.19999980926513671875</ele>
        <time>2026-08-05T10:30:14.000Z</time>
        <extensions>
          <ns3:TrackPointExtension>
            <ns3:atemp>32.0</ns3:atemp>
            <ns3:hr>148</ns3:hr>
            <ns3:cad>91</ns3:cad>
          </ns3:TrackPointExtension>
        </extensions>
      </trkpt>
      <trkpt lat="31.020990796387195587158203125" lon="121.42324947752058506011962890625">
        <ele>8.19999980926513671875</ele>
        <time>2026-08-05T10:30:15.000Z</time>
        <extensions>
          <ns3:TrackPointExtension>
            <ns3:atemp>32.0</ns3:atemp>
            <ns3:hr>148</ns3:hr>
            <ns3:cad>91</ns3:cad>
          </ns3:TrackPointExtension>
        </extensions>
      </trkpt>
      <trkpt lat="31.02098040282726287841796875" lon="121.42325408756732940673828125">
        <ele>8.19999980926513671875</ele>
        <time>2026-08-05T10:30:16.000Z</time>
        <extensions>
          <ns3:TrackPointExtension>
            <ns3:atemp>32.0</ns3:atemp>
            <ns3:hr>149</ns3:hr>
            <ns3:cad>93</ns3:cad>
          </ns3:TrackPointExtension>
        </extensions>
      </trkpt>
      <trkpt lat="31.0209299437701702117919921875" lon="121.4232767187058925628662109375">
        <ele>8.19999980926513671875</ele>
        <time>2026-08-05T10:30:17.000Z</time>
        <extensions>
          <ns3:TrackPointExtension>
            <ns3:atemp>32.0</ns3:atemp>
            <ns3:hr>149</ns3:hr>
            <ns3:cad>93</ns3:cad>
          </ns3:TrackPointExtension>
        </extensions>
      </trkpt>
      <trkpt lat="31.02092315442860126495361328125" lon="121.4232797361910343170166015625">
        <ele>8.19999980926513671875</ele>
        <time>2026-08-05T10:30:18.000Z</time>
        <extensions>
          <ns3:TrackPointExtension>
            <ns3:atemp>32.0</ns3:atemp>
            <ns3:hr>149</ns3:hr>
            <ns3:cad>92</ns3:cad>
          </ns3:TrackPointExtension>
        </extensions>
      </trkpt>
      <trkpt lat="31.02087403647601604461669921875" lon="121.42330169677734375">
        <ele>8.19999980926513671875</ele>
        <time>2026-08-05T10:30:19.000Z</time>
        <extensions>
          <ns3:TrackPointExtension>
            <ns3:atemp>32.0</ns3:atemp>
            <ns3:hr>149</ns3:hr>
            <ns3:cad>92</ns3:cad>
          </ns3:TrackPointExtension>
        </extensions>
      </trkpt>
      <trkpt lat="31.0208670794963836669921875" lon="121.4233048819005489349365234375">
        <ele>8.19999980926513671875</ele>
        <time>2026-08-05T10:30:20.000Z</time>
        <extensions>
          <ns3:TrackPointExtension>
            <ns3:atemp>32.0</ns3:atemp>
            <ns3:hr>149</ns3:hr>
            <ns3:cad>93</ns3:cad>
          </ns3:TrackPointExtension>
        </extensions>
      </trkpt>
      <trkpt lat="31.0208243317902088165283203125" lon="121.4233239926397800445556640625">
        <ele>8.19999980926513671875</ele>
        <time>2026-08-05T10:30:21.000Z</time>
        <extensions>
          <ns3:TrackPointExtension>
            <ns3:atemp>32.0</ns3:atemp>
            <ns3:hr>149</ns3:hr>
            <ns3:cad>94</ns3:cad>
          </ns3:TrackPointExtension>
        </extensions>
      </trkpt>
      <trkpt lat="31.02081100456416606903076171875" lon="121.4233300276100635528564453125">
        <ele>8.19999980926513671875</ele>
        <time>2026-08-05T10:30:22.000Z</time>
        <extensions>
          <ns3:TrackPointExtension>
            <ns3:atemp>32.0</ns3:atemp>
            <ns3:hr>150</ns3:hr>
            <ns3:cad>94</ns3:cad>
          </ns3:TrackPointExtension>
        </extensions>
      </trkpt>
      <trkpt lat="31.02076859213411808013916015625" lon="121.423348970711231231689453125">
        <ele>8.19999980926513671875</ele>
        <time>2026-08-05T10:30:23.000Z</time>
        <extensions>
          <ns3:TrackPointExtension>
            <ns3:atemp>32.0</ns3:atemp>
            <ns3:hr>150</ns3:hr>
            <ns3:cad>92</ns3:cad>
          </ns3:TrackPointExtension>
        </extensions>
      </trkpt>
      <trkpt lat="31.02074981667101383209228515625" lon="121.42335735261440277099609375">
        <ele>8.19999980926513671875</ele>
        <time>2026-08-05T10:30:24.000Z</time>
        <extensions>
          <ns3:TrackPointExtension>
            <ns3:atemp>32.0</ns3:atemp>
            <ns3:hr>151</ns3:hr>
            <ns3:cad>92</ns3:cad>
          </ns3:TrackPointExtension>
        </extensions>
      </trkpt>
      <trkpt lat="31.02071285247802734375" lon="121.4233739487826824188232421875">
        <ele>8.19999980926513671875</ele>
        <time>2026-08-05T10:30:25.000Z</time>
        <extensions>
          <ns3:TrackPointExtension>
            <ns3:atemp>32.0</ns3:atemp>
            <ns3:hr>151</ns3:hr>
            <ns3:cad>92</ns3:cad>
          </ns3:TrackPointExtension>
        </extensions>
      </trkpt>
      <trkpt lat="31.02068535983562469482421875" lon="121.4233870245516300201416015625">
        <ele>8.19999980926513671875</ele>
        <time>2026-08-05T10:30:26.000Z</time>
        <extensions>
          <ns3:TrackPointExtension>
            <ns3:atemp>32.0</ns3:atemp>
            <ns3:hr>152</ns3:hr>
            <ns3:cad>92</ns3:cad>
          </ns3:TrackPointExtension>
        </extensions>
      </trkpt>
      <trkpt lat="31.020660884678363800048828125" lon="121.42340018413960933685302734375">
        <ele>8.19999980926513671875</ele>
        <time>2026-08-05T10:30:27.000Z</time>
        <extensions>
          <ns3:TrackPointExtension>
            <ns3:atemp>32.0</ns3:atemp>
            <ns3:hr>152</ns3:hr>
            <ns3:cad>92</ns3:cad>
          </ns3:TrackPointExtension>
        </extensions>
      </trkpt>
      <trkpt lat="31.02062635123729705810546875" lon="121.423424072563648223876953125">
        <ele>8.19999980926513671875</ele>
        <time>2026-08-05T10:30:28.000Z</time>
        <extensions>
          <ns3:TrackPointExtension>
            <ns3:atemp>32.0</ns3:atemp>
            <ns3:hr>152</ns3:hr>
            <ns3:cad>91</ns3:cad>
          </ns3:TrackPointExtension>
        </extensions>
      </trkpt>
      <trkpt lat="31.0206122696399688720703125" lon="121.42343505285680294036865234375">
        <ele>8.19999980926513671875</ele>
        <time>2026-08-05T10:30:29.000Z</time>
        <extensions>
          <ns3:TrackPointExtension>
            <ns3:atemp>32.0</ns3:atemp>
            <ns3:hr>152</ns3:hr>
            <ns3:cad>91</ns3:cad>
          </ns3:TrackPointExtension>
        </extensions>
      </trkpt>
      <trkpt lat="31.02057513780891895294189453125" lon="121.4234725199639797210693359375">
        <ele>8.19999980926513671875</ele>
        <time>2026-08-05T10:30:30.000Z</time>
        <extensions>
          <ns3:TrackPointExtension>
            <ns3:atemp>32.0</ns3:atemp>
            <ns3:hr>152</ns3:hr>
            <ns3:cad>91</ns3:cad>
          </ns3:TrackPointExtension>
        </extensions>
      </trkpt>
      <trkpt lat="31.02056474424898624420166015625" lon="121.42348567955195903778076171875">
        <ele>8.19999980926513671875</ele>
        <time>2026-08-05T10:30:31.000Z</time>
        <extensions>
          <ns3:TrackPointExtension>
            <ns3:atemp>32.0</ns3:atemp>
            <ns3:hr>152</ns3:hr>
            <ns3:cad>93</ns3:cad>
          </ns3:TrackPointExtension>
        </extensions>
      </trkpt>
      <trkpt lat="31.0205353237688541412353515625" lon="121.4235283434391021728515625">
        <ele>8.19999980926513671875</ele>
        <time>2026-08-05T10:30:32.000Z</time>
        <extensions>
          <ns3:TrackPointExtension>
            <ns3:atemp>32.0</ns3:atemp>
            <ns3:hr>153</ns3:hr>
            <ns3:cad>93</ns3:cad>
          </ns3:TrackPointExtension>
        </extensions>
      </trkpt>
      <trkpt lat="31.020526103675365447998046875" lon="121.42354351468384265899658203125">
        <ele>8.19999980926513671875</ele>
        <time>2026-08-05T10:30:33.000Z</time>
        <extensions>
          <ns3:TrackPointExtension>
            <ns3:atemp>32.0</ns3:atemp>
            <ns3:hr>153</ns3:hr>
            <ns3:cad>92</ns3:cad>
          </ns3:TrackPointExtension>
        </extensions>
      </trkpt>
      <trkpt lat="31.0205048136413097381591796875" lon="121.42358911223709583282470703125">
        <ele>8.19999980926513671875</ele>
        <time>2026-08-05T10:30:34.000Z</time>
        <extensions>
          <ns3:TrackPointExtension>
            <ns3:atemp>32.0</ns3:atemp>
            <ns3:hr>153</ns3:hr>
            <ns3:cad>92</ns3:cad>
          </ns3:TrackPointExtension>
        </extensions>
      </trkpt>
      <trkpt lat="31.02050372399389743804931640625" lon="121.4235915429890155792236328125">
        <ele>8.19999980926513671875</ele>
        <time>2026-08-05T10:30:35.000Z</time>
        <extensions>
          <ns3:TrackPointExtension>
            <ns3:atemp>32.0</ns3:atemp>
            <ns3:hr>153</ns3:hr>
            <ns3:cad>93</ns3:cad>
          </ns3:TrackPointExtension>
        </extensions>
      </trkpt>
      <trkpt lat="31.02048679254949092864990234375" lon="121.42364376224577426910400390625">
        <ele>8.19999980926513671875</ele>
        <time>2026-08-05T10:30:36.000Z</time>
        <extensions>
          <ns3:TrackPointExtension>
            <ns3:atemp>32.0</ns3:atemp>
            <ns3:hr>153</ns3:hr>
            <ns3:cad>93</ns3:cad>
          </ns3:TrackPointExtension>
        </extensions>
      </trkpt>
      <trkpt lat="31.020484529435634613037109375" lon="121.4236552454531192779541015625">
        <ele>8.19999980926513671875</ele>
        <time>2026-08-05T10:30:37.000Z</time>
        <extensions>
          <ns3:TrackPointExtension>
            <ns3:atemp>32.0</ns3:atemp>
            <ns3:hr>153</ns3:hr>
            <ns3:cad>93</ns3:cad>
          </ns3:TrackPointExtension>
        </extensions>
      </trkpt>
      <trkpt lat="31.020475812256336212158203125" lon="121.4237065427005290985107421875">
        <ele>8.19999980926513671875</ele>
        <time>2026-08-05T10:30:38.000Z</time>
        <extensions>
          <ns3:TrackPointExtension>
            <ns3:atemp>32.0</ns3:atemp>
            <ns3:hr>153</ns3:hr>
            <ns3:cad>92</ns3:cad>
          </ns3:TrackPointExtension>
        </extensions>
      </trkpt>
      <trkpt lat="31.02047346532344818115234375" lon="121.423736549913883209228515625">
        <ele>8.19999980926513671875</ele>
        <time>2026-08-05T10:30:39.000Z</time>
        <extensions>
          <ns3:TrackPointExtension>
            <ns3:atemp>32.0</ns3:atemp>
            <ns3:hr>153</ns3:hr>
            <ns3:cad>92</ns3:cad>
          </ns3:TrackPointExtension>
        </extensions>
      </trkpt>
      <trkpt lat="31.02047321386635303497314453125" lon="121.42376915551722049713134765625">
        <ele>8.19999980926513671875</ele>
        <time>2026-08-05T10:30:40.000Z</time>
        <extensions>
          <ns3:TrackPointExtension>
            <ns3:atemp>32.0</ns3:atemp>
            <ns3:hr>153</ns3:hr>
            <ns3:cad>91</ns3:cad>
          </ns3:TrackPointExtension>
        </extensions>
      </trkpt>
      <trkpt lat="31.020475812256336212158203125" lon="121.4238111488521099090576171875">
        <ele>8.19999980926513671875</ele>
        <time>2026-08-05T10:30:41.000Z</time>
        <extensions>
          <ns3:TrackPointExtension>
            <ns3:atemp>32.0</ns3:atemp>
            <ns3:hr>152</ns3:hr>
            <ns3:cad>91</ns3:cad>
          </ns3:TrackPointExtension>
        </extensions>
      </trkpt>
      <trkpt lat="31.02047941647469997406005859375" lon="121.42383537255227565765380859375">
        <ele>8.19999980926513671875</ele>
        <time>2026-08-05T10:30:42.000Z</time>
        <extensions>
          <ns3:TrackPointExtension>
            <ns3:atemp>32.0</ns3:atemp>
            <ns3:hr>152</ns3:hr>
            <ns3:cad>94</ns3:cad>
          </ns3:TrackPointExtension>
        </extensions>
      </trkpt>
      <trkpt lat="31.02049089968204498291015625" lon="121.42388633452355861663818359375">
        <ele>8.19999980926513671875</ele>
        <time>2026-08-05T10:30:43.000Z</time>
        <extensions>
          <ns3:TrackPointExtension>
            <ns3:atemp>32.0</ns3:atemp>
            <ns3:hr>152</ns3:hr>
            <ns3:cad>94</ns3:cad>
          </ns3:TrackPointExtension>
        </extensions>
      </trkpt>
      <trkpt lat="31.02049601264297962188720703125" lon="121.4239046908915042877197265625">
        <ele>8.19999980926513671875</ele>
        <time>2026-08-05T10:30:44.000Z</time>
        <extensions>
          <ns3:TrackPointExtension>
            <ns3:atemp>32.0</ns3:atemp>
            <ns3:hr>152</ns3:hr>
            <ns3:cad>94</ns3:cad>
          </ns3:TrackPointExtension>
        </extensions>
      </trkpt>
      <trkpt lat="31.02051747031509876251220703125" lon="121.42395691014826297760009765625">
        <ele>8.19999980926513671875</ele>
        <time>2026-08-05T10:30:45.000Z</time>
        <extensions>
          <ns3:TrackPointExtension>
            <ns3:atemp>32.0</ns3:atemp>
            <ns3:hr>152</ns3:hr>
            <ns3:cad>93</ns3:cad>
          </ns3:TrackPointExtension>
        </extensions>
      </trkpt>
      <trkpt lat="31.0205209068953990936279296875" lon="121.42396328039467334747314453125">
        <ele>8.19999980926513671875</ele>
        <time>2026-08-05T10:30:46.000Z</time>
        <extensions>
          <ns3:TrackPointExtension>
            <ns3:atemp>32.0</ns3:atemp>
            <ns3:hr>151</ns3:hr>
            <ns3:cad>92</ns3:cad>
          </ns3:TrackPointExtension>
        </extensions>
      </trkpt>
      <trkpt lat="31.02055015973746776580810546875" lon="121.424012146890163421630859375">
        <ele>8.19999980926513671875</ele>
        <time>2026-08-05T10:30:47.000Z</time>
        <extensions>
          <ns3:TrackPointExtension>
            <ns3:atemp>32.0</ns3:atemp>
            <ns3:hr>151</ns3:hr>
            <ns3:cad>93</ns3:cad>
          </ns3:TrackPointExtension>
        </extensions>
      </trkpt>
      <trkpt lat="31.02055585943162441253662109375" lon="121.42402010969817638397216796875">
        <ele>8.19999980926513671875</ele>
        <time>2026-08-05T10:30:48.000Z</time>
        <extensions>
          <ns3:TrackPointExtension>
            <ns3:atemp>32.0</ns3:atemp>
            <ns3:hr>151</ns3:hr>
            <ns3:cad>93</ns3:cad>
          </ns3:TrackPointExtension>
        </extensions>
      </trkpt>
      <trkpt lat="31.02058972232043743133544921875" lon="121.42406034283339977264404296875">
        <ele>8.19999980926513671875</ele>
        <time>2026-08-05T10:30:49.000Z</time>
        <extensions>
          <ns3:TrackPointExtension>
            <ns3:atemp>32.0</ns3:atemp>
            <ns3:hr>150</ns3:hr>
            <ns3:cad>93</ns3:cad>
          </ns3:TrackPointExtension>
        </extensions>
      </trkpt>
      <trkpt lat="31.0206013731658458709716796875" lon="121.4240726642310619354248046875">
        <ele>8.19999980926513671875</ele>
        <time>2026-08-05T10:30:50.000Z</time>
        <extensions>
          <ns3:TrackPointExtension>
            <ns3:atemp>32.0</ns3:atemp>
            <ns3:hr>150</ns3:hr>
            <ns3:cad>93</ns3:cad>
          </ns3:TrackPointExtension>
        </extensions>
      </trkpt>
      <trkpt lat="31.0206332243978977203369140625" lon="121.42409898340702056884765625">
        <ele>8.19999980926513671875</ele>
        <time>2026-08-05T10:30:51.000Z</time>
        <extensions>
          <ns3:TrackPointExtension>
            <ns3:atemp>32.0</ns3:atemp>
            <ns3:hr>150</ns3:hr>
            <ns3:cad>93</ns3:cad>
          </ns3:TrackPointExtension>
        </extensions>
      </trkpt>
      <trkpt lat="31.02065443061292171478271484375" lon="121.42411281354725360870361328125">
        <ele>8.19999980926513671875</ele>
        <time>2026-08-05T10:30:52.000Z</time>
        <extensions>
          <ns3:TrackPointExtension>
            <ns3:atemp>32.0</ns3:atemp>
            <ns3:hr>150</ns3:hr>
            <ns3:cad>94</ns3:cad>
          </ns3:TrackPointExtension>
        </extensions>
      </trkpt>
      <trkpt lat="31.02068309672176837921142578125" lon="121.42412940971553325653076171875">
        <ele>8.19999980926513671875</ele>
        <time>2026-08-05T10:30:53.000Z</time>
        <extensions>
          <ns3:TrackPointExtension>
            <ns3:atemp>32.0</ns3:atemp>
            <ns3:hr>149</ns3:hr>
            <ns3:cad>94</ns3:cad>
          </ns3:TrackPointExtension>
        </extensions>
      </trkpt>
      <trkpt lat="31.02071645669639110565185546875" lon="121.4241437427699565887451171875">
        <ele>8.19999980926513671875</ele>
        <time>2026-08-05T10:30:54.000Z</time>
        <extensions>
          <ns3:TrackPointExtension>
            <ns3:atemp>32.0</ns3:atemp>
            <ns3:hr>149</ns3:hr>
            <ns3:cad>93</ns3:cad>
          </ns3:TrackPointExtension>
        </extensions>
      </trkpt>
      <trkpt lat="31.02074428461492061614990234375" lon="121.424151621758937835693359375">
        <ele>8.19999980926513671875</ele>
        <time>2026-08-05T10:30:55.000Z</time>
        <extensions>
          <ns3:TrackPointExtension>
            <ns3:atemp>32.0</ns3:atemp>
            <ns3:hr>149</ns3:hr>
            <ns3:cad>93</ns3:cad>
          </ns3:TrackPointExtension>
        </extensions>
      </trkpt>
      <trkpt lat="31.0207794047892093658447265625" lon="121.4241584949195384979248046875">
        <ele>8.19999980926513671875</ele>
        <time>2026-08-05T10:30:56.000Z</time>
        <extensions>
          <ns3:TrackPointExtension>
            <ns3:atemp>32.0</ns3:atemp>
            <ns3:hr>148</ns3:hr>
            <ns3:cad>93</ns3:cad>
          </ns3:TrackPointExtension>
        </extensions>
      </trkpt>
      <trkpt lat="31.020803712308406829833984375" lon="121.42416109330952167510986328125">
        <ele>8.19999980926513671875</ele>
        <time>2026-08-05T10:30:57.000Z</time>
        <extensions>
          <ns3:TrackPointExtension>
            <ns3:atemp>32.0</ns3:atemp>
            <ns3:hr>148</ns3:hr>
            <ns3:cad>93</ns3:cad>
          </ns3:TrackPointExtension>
        </extensions>
      </trkpt>
      <trkpt lat="31.02084402926266193389892578125" lon="121.424160003662109375">
        <ele>8.19999980926513671875</ele>
        <time>2026-08-05T10:30:58.000Z</time>
        <extensions>
          <ns3:TrackPointExtension>
            <ns3:atemp>32.0</ns3:atemp>
            <ns3:hr>148</ns3:hr>
            <ns3:cad>93</ns3:cad>
          </ns3:TrackPointExtension>
        </extensions>
      </trkpt>
      <trkpt lat="31.02086464874446392059326171875" lon="121.42415740527212619781494140625">
        <ele>8.19999980926513671875</ele>
        <time>2026-08-05T10:30:59.000Z</time>
        <extensions>
          <ns3:TrackPointExtension>
            <ns3:atemp>32.0</ns3:atemp>
            <ns3:hr>148</ns3:hr>
            <ns3:cad>92</ns3:cad>
          </ns3:TrackPointExtension>
        </extensions>
      </trkpt>
      <trkpt lat="31.02090773172676563262939453125" lon="121.42414726316928863525390625">
        <ele>8.19999980926513671875</ele>
        <time>2026-08-05T10:31:00.000Z</time>
        <extensions>
          <ns3:TrackPointExtension>
            <ns3:atemp>32.0</ns3:atemp>
            <ns3:hr>148</ns3:hr>
            <ns3:cad>91</ns3:cad>
          </ns3:TrackPointExtension>
        </extensions>
      </trkpt>
      <trkpt lat="31.020927764475345611572265625" lon="121.4241400547325611114501953125">
        <ele>8.19999980926513671875</ele>
        <time>2026-08-05T10:31:01.000Z</time>
        <extensions>
          <ns3:TrackPointExtension>
            <ns3:atemp>32.0</ns3:atemp>
            <ns3:hr>147</ns3:hr>
            <ns3:cad>90</ns3:cad>
          </ns3:TrackPointExtension>
        </extensions>
      </trkpt>
      <trkpt lat="31.02097210474312305450439453125" lon="121.42412136308848857879638671875">
        <ele>8.19999980926513671875</ele>
        <time>2026-08-05T10:31:02.000Z</time>
        <extensions>
          <ns3:TrackPointExtension>
            <ns3:atemp>32.0</ns3:atemp>
            <ns3:hr>147</ns3:hr>
            <ns3:cad>90</ns3:cad>
          </ns3:TrackPointExtension>
        </extensions>
      </trkpt>
      <trkpt lat="31.02098040282726287841796875" lon="121.42411767505109310150146484375">
        <ele>8.19999980926513671875</ele>
        <time>2026-08-05T10:31:03.000Z</time>
        <extensions>
          <ns3:TrackPointExtension>
            <ns3:atemp>32.0</ns3:atemp>
            <ns3:hr>147</ns3:hr>
            <ns3:cad>90</ns3:cad>
          </ns3:TrackPointExtension>
        </extensions>
      </trkpt>
      <trkpt lat="31.02102926932275295257568359375" lon="121.4240957982838153839111328125">
        <ele>8.19999980926513671875</ele>
        <time>2026-08-05T10:31:04.000Z</time>
        <extensions>
          <ns3:TrackPointExtension>
            <ns3:atemp>32.0</ns3:atemp>
            <ns3:hr>147</ns3:hr>
            <ns3:cad>90</ns3:cad>
          </ns3:TrackPointExtension>
        </extensions>
      </trkpt>
      <trkpt lat="31.0210368968546390533447265625" lon="121.42409236170351505279541015625">
        <ele>8.19999980926513671875</ele>
        <time>2026-08-05T10:31:05.000Z</time>
        <extensions>
          <ns3:TrackPointExtension>
            <ns3:atemp>32.0</ns3:atemp>
            <ns3:hr>148</ns3:hr>
            <ns3:cad>90</ns3:cad>
          </ns3:TrackPointExtension>
        </extensions>
      </trkpt>
      <trkpt lat="31.02108475752174854278564453125" lon="121.42407090403139591217041015625">
        <ele>8.19999980926513671875</ele>
        <time>2026-08-05T10:31:06.000Z</time>
        <extensions>
          <ns3:TrackPointExtension>
            <ns3:atemp>32.0</ns3:atemp>
            <ns3:hr>148</ns3:hr>
            <ns3:cad>91</ns3:cad>
          </ns3:TrackPointExtension>
        </extensions>
      </trkpt>
      <trkpt lat="31.02108995430171489715576171875" lon="121.42406855709850788116455078125">
        <ele>8.19999980926513671875</ele>
        <time>2026-08-05T10:31:07.000Z</time>
        <extensions>
          <ns3:TrackPointExtension>
            <ns3:atemp>32.0</ns3:atemp>
            <ns3:hr>148</ns3:hr>
            <ns3:cad>92</ns3:cad>
          </ns3:TrackPointExtension>
        </extensions>
      </trkpt>
      <trkpt lat="31.02114041335880756378173828125" lon="121.4240460097789764404296875">
        <ele>8.19999980926513671875</ele>
        <time>2026-08-05T10:31:08.000Z</time>
        <extensions>
          <ns3:TrackPointExtension>
            <ns3:atemp>32.0</ns3:atemp>
            <ns3:hr>148</ns3:hr>
            <ns3:cad>92</ns3:cad>
          </ns3:TrackPointExtension>
        </extensions>
      </trkpt>
      <trkpt lat="31.0211428441107273101806640625" lon="121.4240448363125324249267578125">
        <ele>8.19999980926513671875</ele>
        <time>2026-08-05T10:31:09.000Z</time>
        <extensions>
          <ns3:TrackPointExtension>
            <ns3:atemp>32.0</ns3:atemp>
            <ns3:hr>148</ns3:hr>
            <ns3:cad>92</ns3:cad>
          </ns3:TrackPointExtension>
        </extensions>
      </trkpt>
      <trkpt lat="31.02119254879653453826904296875" lon="121.42402262426912784576416015625">
        <ele>8.19999980926513671875</ele>
        <time>2026-08-05T10:31:10.000Z</time>
        <extensions>
          <ns3:TrackPointExtension>
            <ns3:atemp>32.0</ns3:atemp>
            <ns3:hr>149</ns3:hr>
            <ns3:cad>92</ns3:cad>
          </ns3:TrackPointExtension>
        </extensions>
      </trkpt>
      <trkpt lat="31.02120839059352874755859375" lon="121.424015499651432037353515625">
        <ele>8.19999980926513671875</ele>
        <time>2026-08-05T10:31:11.000Z</time>
        <extensions>
          <ns3:TrackPointExtension>
            <ns3:atemp>32.0</ns3:atemp>
            <ns3:hr>148</ns3:hr>
            <ns3:cad>92</ns3:cad>
          </ns3:TrackPointExtension>
        </extensions>
      </trkpt>
      <trkpt lat="31.02124803699553012847900390625" lon="121.4239977300167083740234375">
        <ele>8.19999980926513671875</ele>
        <time>2026-08-05T10:31:12.000Z</time>
        <extensions>
          <ns3:TrackPointExtension>
            <ns3:atemp>32.0</ns3:atemp>
            <ns3:hr>148</ns3:hr>
            <ns3:cad>92</ns3:cad>
          </ns3:TrackPointExtension>
        </extensions>
      </trkpt>
      <trkpt lat="31.0212591849267482757568359375" lon="121.42399278469383716583251953125">
        <ele>8.19999980926513671875</ele>
        <time>2026-08-05T10:31:13.000Z</time>
        <extensions>
          <ns3:TrackPointExtension>
            <ns3:atemp>32.0</ns3:atemp>
            <ns3:hr>149</ns3:hr>
            <ns3:cad>92</ns3:cad>
          </ns3:TrackPointExtension>
        </extensions>
      </trkpt>
      <trkpt lat="31.02130302228033542633056640625" lon="121.42397317104041576385498046875">
        <ele>8.19999980926513671875</ele>
        <time>2026-08-05T10:31:14.000Z</time>
        <extensions>
          <ns3:TrackPointExtension>
            <ns3:atemp>32.0</ns3:atemp>
            <ns3:hr>148</ns3:hr>
            <ns3:cad>92</ns3:cad>
          </ns3:TrackPointExtension>
        </extensions>
      </trkpt>
      <trkpt lat="31.02131928317248821258544921875" lon="121.423965878784656524658203125">
        <ele>8.19999980926513671875</ele>
        <time>2026-08-05T10:31:15.000Z</time>
        <extensions>
          <ns3:TrackPointExtension>
            <ns3:atemp>32.0</ns3:atemp>
            <ns3:hr>149</ns3:hr>
            <ns3:cad>92</ns3:cad>
          </ns3:TrackPointExtension>
        </extensions>
      </trkpt>
      <trkpt lat="31.02135800756514072418212890625" lon="121.42394852824509143829345703125">
        <ele>8.19999980926513671875</ele>
        <time>2026-08-05T10:31:16.000Z</time>
        <extensions>
          <ns3:TrackPointExtension>
            <ns3:atemp>32.0</ns3:atemp>
            <ns3:hr>149</ns3:hr>
            <ns3:cad>92</ns3:cad>
          </ns3:TrackPointExtension>
        </extensions>
      </trkpt>
      <trkpt lat="31.02137778885662555694580078125" lon="121.42393964342772960662841796875">
        <ele>8.19999980926513671875</ele>
        <time>2026-08-05T10:31:17.000Z</time>
        <extensions>
          <ns3:TrackPointExtension>
            <ns3:atemp>32.0</ns3:atemp>
            <ns3:hr>149</ns3:hr>
            <ns3:cad>92</ns3:cad>
          </ns3:TrackPointExtension>
        </extensions>
      </trkpt>
      <trkpt lat="31.02140394039452075958251953125" lon="121.42392790876328945159912109375">
        <ele>8.19999980926513671875</ele>
        <time>2026-08-05T10:31:18.000Z</time>
        <extensions>
          <ns3:TrackPointExtension>
            <ns3:atemp>32.0</ns3:atemp>
            <ns3:hr>149</ns3:hr>
            <ns3:cad>93</ns3:cad>
          </ns3:TrackPointExtension>
        </extensions>
      </trkpt>
      <trkpt lat="31.02143763564527034759521484375" lon="121.42391282133758068084716796875">
        <ele>8.19999980926513671875</ele>
        <time>2026-08-05T10:31:19.000Z</time>
        <extensions>
          <ns3:TrackPointExtension>
            <ns3:atemp>32.0</ns3:atemp>
            <ns3:hr>150</ns3:hr>
            <ns3:cad>93</ns3:cad>
          </ns3:TrackPointExtension>
        </extensions>
      </trkpt>
      <trkpt lat="31.02145959623157978057861328125" lon="121.4239030145108699798583984375">
        <ele>8.19999980926513671875</ele>
        <time>2026-08-05T10:31:20.000Z</time>
        <extensions>
          <ns3:TrackPointExtension>
            <ns3:atemp>32.0</ns3:atemp>
            <ns3:hr>150</ns3:hr>
            <ns3:cad>93</ns3:cad>
          </ns3:TrackPointExtension>
        </extensions>
      </trkpt>
      <trkpt lat="31.02150519378483295440673828125" lon="121.4238825626671314239501953125">
        <ele>8.19999980926513671875</ele>
        <time>2026-08-05T10:31:21.000Z</time>
        <extensions>
          <ns3:TrackPointExtension>
            <ns3:atemp>32.0</ns3:atemp>
            <ns3:hr>150</ns3:hr>
            <ns3:cad>92</ns3:cad>
          </ns3:TrackPointExtension>
        </extensions>
      </trkpt>
      <trkpt lat="31.0215220414102077484130859375" lon="121.42387501895427703857421875">
        <ele>8.19999980926513671875</ele>
        <time>2026-08-05T10:31:22.000Z</time>
        <extensions>
          <ns3:TrackPointExtension>
            <ns3:atemp>32.0</ns3:atemp>
            <ns3:hr>150</ns3:hr>
            <ns3:cad>92</ns3:cad>
          </ns3:TrackPointExtension>
        </extensions>
      </trkpt>
      <trkpt lat="31.02157048881053924560546875" lon="121.42385330982506275177001953125">
        <ele>8.19999980926513671875</ele>
        <time>2026-08-05T10:31:23.000Z</time>
        <extensions>
          <ns3:TrackPointExtension>
            <ns3:atemp>32.0</ns3:atemp>
            <ns3:hr>150</ns3:hr>
            <ns3:cad>93</ns3:cad>
          </ns3:TrackPointExtension>
        </extensions>
      </trkpt>
      <trkpt lat="31.02158448658883571624755859375" lon="121.4238470233976840972900390625">
        <ele>8.19999980926513671875</ele>
        <time>2026-08-05T10:31:24.000Z</time>
        <extensions>
          <ns3:TrackPointExtension>
            <ns3:atemp>32.0</ns3:atemp>
            <ns3:hr>150</ns3:hr>
            <ns3:cad>93</ns3:cad>
          </ns3:TrackPointExtension>
        </extensions>
      </trkpt>
      <trkpt lat="31.0216286592185497283935546875" lon="121.4238252304494380950927734375">
        <ele>8.19999980926513671875</ele>
        <time>2026-08-05T10:31:25.000Z</time>
        <extensions>
          <ns3:TrackPointExtension>
            <ns3:atemp>32.0</ns3:atemp>
            <ns3:hr>150</ns3:hr>
            <ns3:cad>93</ns3:cad>
          </ns3:TrackPointExtension>
        </extensions>
      </trkpt>
      <trkpt lat="31.0216390527784824371337890625" lon="121.42381961457431316375732421875">
        <ele>8.19999980926513671875</ele>
        <time>2026-08-05T10:31:26.000Z</time>
        <extensions>
          <ns3:TrackPointExtension>
            <ns3:atemp>32.0</ns3:atemp>
            <ns3:hr>149</ns3:hr>
            <ns3:cad>91</ns3:cad>
          </ns3:TrackPointExtension>
        </extensions>
      </trkpt>
      <trkpt lat="31.02167316712439060211181640625" lon="121.4237960614264011383056640625">
        <ele>8.19999980926513671875</ele>
        <time>2026-08-05T10:31:27.000Z</time>
        <extensions>
          <ns3:TrackPointExtension>
            <ns3:atemp>32.0</ns3:atemp>
            <ns3:hr>150</ns3:hr>
            <ns3:cad>91</ns3:cad>
          </ns3:TrackPointExtension>
        </extensions>
      </trkpt>
      <trkpt lat="31.0216990672051906585693359375" lon="121.42377376556396484375">
        <ele>8.19999980926513671875</ele>
        <time>2026-08-05T10:31:28.000Z</time>
        <extensions>
          <ns3:TrackPointExtension>
            <ns3:atemp>32.0</ns3:atemp>
            <ns3:hr>150</ns3:hr>
            <ns3:cad>91</ns3:cad>
          </ns3:TrackPointExtension>
        </extensions>
      </trkpt>
      <trkpt lat="31.02172228507697582244873046875" lon="121.4237504638731479644775390625">
        <ele>8.19999980926513671875</ele>
        <time>2026-08-05T10:31:29.000Z</time>
        <extensions>
          <ns3:TrackPointExtension>
            <ns3:atemp>32.0</ns3:atemp>
            <ns3:hr>151</ns3:hr>
            <ns3:cad>92</ns3:cad>
          </ns3:TrackPointExtension>
        </extensions>
      </trkpt>
      <trkpt lat="31.02174843661487102508544921875" lon="121.423717439174652099609375">
        <ele>8.19999980926513671875</ele>
        <time>2026-08-05T10:31:30.000Z</time>
        <extensions>
          <ns3:TrackPointExtension>
            <ns3:atemp>32.0</ns3:atemp>
            <ns3:hr>151</ns3:hr>
            <ns3:cad>93</ns3:cad>
          </ns3:TrackPointExtension>
        </extensions>
      </trkpt>
      <trkpt lat="31.02175933308899402618408203125" lon="121.4237001724541187286376953125">
        <ele>8.19999980926513671875</ele>
        <time>2026-08-05T10:31:31.000Z</time>
        <extensions>
          <ns3:TrackPointExtension>
            <ns3:atemp>32.0</ns3:atemp>
            <ns3:hr>151</ns3:hr>
            <ns3:cad>94</ns3:cad>
          </ns3:TrackPointExtension>
        </extensions>
      </trkpt>
      <trkpt lat="31.02178783155977725982666015625" lon="121.42364677973091602325439453125">
        <ele>8.19999980926513671875</ele>
        <time>2026-08-05T10:31:32.000Z</time>
        <extensions>
          <ns3:TrackPointExtension>
            <ns3:atemp>32.0</ns3:atemp>
            <ns3:hr>151</ns3:hr>
            <ns3:cad>94</ns3:cad>
          </ns3:TrackPointExtension>
        </extensions>
      </trkpt>
      <trkpt lat="31.02179386653006076812744140625" lon="121.423633284866809844970703125">
        <ele>8.19999980926513671875</ele>
        <time>2026-08-05T10:31:33.000Z</time>
        <extensions>
          <ns3:TrackPointExtension>
            <ns3:atemp>32.0</ns3:atemp>
            <ns3:hr>152</ns3:hr>
            <ns3:cad>94</ns3:cad>
          </ns3:TrackPointExtension>
        </extensions>
      </trkpt>
      <trkpt lat="31.02181197144091129302978515625" lon="121.42357955686748027801513671875">
        <ele>8.19999980926513671875</ele>
        <time>2026-08-05T10:31:34.000Z</time>
        <extensions>
          <ns3:TrackPointExtension>
            <ns3:atemp>32.0</ns3:atemp>
            <ns3:hr>151</ns3:hr>
            <ns3:cad>94</ns3:cad>
          </ns3:TrackPointExtension>
        </extensions>
      </trkpt>
      <trkpt lat="31.0218137316405773162841796875" lon="121.4235731028020381927490234375">
        <ele>8.19999980926513671875</ele>
        <time>2026-08-05T10:31:35.000Z</time>
        <extensions>
          <ns3:TrackPointExtension>
            <ns3:atemp>32.0</ns3:atemp>
            <ns3:hr>151</ns3:hr>
            <ns3:cad>93</ns3:cad>
          </ns3:TrackPointExtension>
        </extensions>
      </trkpt>
      <trkpt lat="31.0218241252005100250244140625" lon="121.42351250164210796356201171875">
        <ele>8.19999980926513671875</ele>
        <time>2026-08-05T10:31:36.000Z</time>
        <extensions>
          <ns3:TrackPointExtension>
            <ns3:atemp>32.0</ns3:atemp>
            <ns3:hr>152</ns3:hr>
            <ns3:cad>93</ns3:cad>
          </ns3:TrackPointExtension>
        </extensions>
      </trkpt>
      <trkpt lat="31.021825633943080902099609375" lon="121.42349280416965484619140625">
        <ele>8.19999980926513671875</ele>
        <time>2026-08-05T10:31:37.000Z</time>
        <extensions>
          <ns3:TrackPointExtension>
            <ns3:atemp>32.0</ns3:atemp>
            <ns3:hr>152</ns3:hr>
            <ns3:cad>93</ns3:cad>
          </ns3:TrackPointExtension>
        </extensions>
      </trkpt>
      <trkpt lat="31.02182672359049320220947265625" lon="121.423454247415065765380859375">
        <ele>8.19999980926513671875</ele>
        <time>2026-08-05T10:31:38.000Z</time>
        <extensions>
          <ns3:TrackPointExtension>
            <ns3:atemp>32.0</ns3:atemp>
            <ns3:hr>152</ns3:hr>
            <ns3:cad>93</ns3:cad>
          </ns3:TrackPointExtension>
        </extensions>
      </trkpt>
      <trkpt lat="31.0218254663050174713134765625" lon="121.42341862432658672332763671875">
        <ele>8.19999980926513671875</ele>
        <time>2026-08-05T10:31:39.000Z</time>
        <extensions>
          <ns3:TrackPointExtension>
            <ns3:atemp>32.0</ns3:atemp>
            <ns3:hr>152</ns3:hr>
            <ns3:cad>93</ns3:cad>
          </ns3:TrackPointExtension>
        </extensions>
      </trkpt>
      <trkpt lat="31.0218211077153682708740234375" lon="121.42338912002742290496826171875">
        <ele>8.19999980926513671875</ele>
        <time>2026-08-05T10:31:40.000Z</time>
        <extensions>
          <ns3:TrackPointExtension>
            <ns3:atemp>32.0</ns3:atemp>
            <ns3:hr>152</ns3:hr>
            <ns3:cad>93</ns3:cad>
          </ns3:TrackPointExtension>
        </extensions>
      </trkpt>
      <trkpt lat="31.02181197144091129302978515625" lon="121.42334486357867717742919921875">
        <ele>8.19999980926513671875</ele>
        <time>2026-08-05T10:31:41.000Z</time>
        <extensions>
          <ns3:TrackPointExtension>
            <ns3:atemp>32.0</ns3:atemp>
            <ns3:hr>153</ns3:hr>
            <ns3:cad>93</ns3:cad>
          </ns3:TrackPointExtension>
        </extensions>
      </trkpt>
      <trkpt lat="31.02180710993707180023193359375" lon="121.42332642339169979095458984375">
        <ele>8.19999980926513671875</ele>
        <time>2026-08-05T10:31:42.000Z</time>
        <extensions>
          <ns3:TrackPointExtension>
            <ns3:atemp>32.0</ns3:atemp>
            <ns3:hr>153</ns3:hr>
            <ns3:cad>93</ns3:cad>
          </ns3:TrackPointExtension>
        </extensions>
      </trkpt>
      <trkpt lat="31.0217862389981746673583984375" lon="121.423270516097545623779296875">
        <ele>8.19999980926513671875</ele>
        <time>2026-08-05T10:31:43.000Z</time>
        <extensions>
          <ns3:TrackPointExtension>
            <ns3:atemp>32.0</ns3:atemp>
            <ns3:hr>153</ns3:hr>
            <ns3:cad>93</ns3:cad>
          </ns3:TrackPointExtension>
        </extensions>
      </trkpt>
      <trkpt lat="31.021783053874969482421875" lon="121.42326414585113525390625">
        <ele>8.19999980926513671875</ele>
        <time>2026-08-05T10:31:44.000Z</time>
        <extensions>
          <ns3:TrackPointExtension>
            <ns3:atemp>32.0</ns3:atemp>
            <ns3:hr>153</ns3:hr>
            <ns3:cad>93</ns3:cad>
          </ns3:TrackPointExtension>
        </extensions>
      </trkpt>
      <trkpt lat="31.0217506997287273406982421875" lon="121.4232091605663299560546875">
        <ele>8.19999980926513671875</ele>
        <time>2026-08-05T10:31:45.000Z</time>
        <extensions>
          <ns3:TrackPointExtension>
            <ns3:atemp>32.0</ns3:atemp>
            <ns3:hr>153</ns3:hr>
            <ns3:cad>93</ns3:cad>
          </ns3:TrackPointExtension>
        </extensions>
      </trkpt>
      <trkpt lat="31.021745502948760986328125" lon="121.42320186831057071685791015625">
        <ele>8.19999980926513671875</ele>
        <time>2026-08-05T10:31:46.000Z</time>
        <extensions>
          <ns3:TrackPointExtension>
            <ns3:atemp>32.0</ns3:atemp>
            <ns3:hr>153</ns3:hr>
            <ns3:cad>92</ns3:cad>
          </ns3:TrackPointExtension>
        </extensions>
      </trkpt>
      <trkpt lat="31.02170870639383792877197265625" lon="121.42315794713795185089111328125">
        <ele>8.19999980926513671875</ele>
        <time>2026-08-05T10:31:47.000Z</time>
        <extensions>
          <ns3:TrackPointExtension>
            <ns3:atemp>32.0</ns3:atemp>
            <ns3:hr>153</ns3:hr>
            <ns3:cad>92</ns3:cad>
          </ns3:TrackPointExtension>
        </extensions>
      </trkpt>
      <trkpt lat="31.021697558462619781494140625" lon="121.42314638011157512664794921875">
        <ele>8.19999980926513671875</ele>
        <time>2026-08-05T10:31:48.000Z</time>
        <extensions>
          <ns3:TrackPointExtension>
            <ns3:atemp>32.0</ns3:atemp>
            <ns3:hr>153</ns3:hr>
            <ns3:cad>92</ns3:cad>
          </ns3:TrackPointExtension>
        </extensions>
      </trkpt>
      <trkpt lat="31.0216611810028553009033203125" lon="121.42311670817434787750244140625">
        <ele>8.19999980926513671875</ele>
        <time>2026-08-05T10:31:49.000Z</time>
        <extensions>
          <ns3:TrackPointExtension>
            <ns3:atemp>32.0</ns3:atemp>
            <ns3:hr>153</ns3:hr>
            <ns3:cad>92</ns3:cad>
          </ns3:TrackPointExtension>
        </extensions>
      </trkpt>
      <trkpt lat="31.0216383822262287139892578125" lon="121.4231027103960514068603515625">
        <ele>8.19999980926513671875</ele>
        <time>2026-08-05T10:31:50.000Z</time>
        <extensions>
          <ns3:TrackPointExtension>
            <ns3:atemp>32.0</ns3:atemp>
            <ns3:hr>153</ns3:hr>
            <ns3:cad>92</ns3:cad>
          </ns3:TrackPointExtension>
        </extensions>
      </trkpt>
      <trkpt lat="31.02161047048866748809814453125" lon="121.42308779060840606689453125">
        <ele>8.19999980926513671875</ele>
        <time>2026-08-05T10:31:51.000Z</time>
        <extensions>
          <ns3:TrackPointExtension>
            <ns3:atemp>32.0</ns3:atemp>
            <ns3:hr>153</ns3:hr>
            <ns3:cad>92</ns3:cad>
          </ns3:TrackPointExtension>
        </extensions>
      </trkpt>
      <trkpt lat="31.02157442830502986907958984375" lon="121.4230732060968875885009765625">
        <ele>8.19999980926513671875</ele>
        <time>2026-08-05T10:31:52.000Z</time>
        <extensions>
          <ns3:TrackPointExtension>
            <ns3:atemp>32.0</ns3:atemp>
            <ns3:hr>153</ns3:hr>
            <ns3:cad>92</ns3:cad>
          </ns3:TrackPointExtension>
        </extensions>
      </trkpt>
      <trkpt lat="31.0215579159557819366455078125" lon="121.4230688475072383880615234375">
        <ele>8.19999980926513671875</ele>
        <time>2026-08-05T10:31:53.000Z</time>
        <extensions>
          <ns3:TrackPointExtension>
            <ns3:atemp>32.0</ns3:atemp>
            <ns3:hr>153</ns3:hr>
            <ns3:cad>92</ns3:cad>
          </ns3:TrackPointExtension>
        </extensions>
      </trkpt>
      <trkpt lat="31.02150502614676952362060546875" lon="121.42305971123278141021728515625">
        <ele>8.19999980926513671875</ele>
        <time>2026-08-05T10:31:54.000Z</time>
        <extensions>
          <ns3:TrackPointExtension>
            <ns3:atemp>32.0</ns3:atemp>
            <ns3:hr>153</ns3:hr>
            <ns3:cad>92</ns3:cad>
          </ns3:TrackPointExtension>
        </extensions>
      </trkpt>
      <trkpt lat="31.02149966172873973846435546875" lon="121.4230591244995594024658203125">
        <ele>8.19999980926513671875</ele>
        <time>2026-08-05T10:31:55.000Z</time>
        <extensions>
          <ns3:TrackPointExtension>
            <ns3:atemp>32.0</ns3:atemp>
            <ns3:hr>153</ns3:hr>
            <ns3:cad>93</ns3:cad>
          </ns3:TrackPointExtension>
        </extensions>
      </trkpt>
      <trkpt lat="31.0214482806622982025146484375" lon="121.42306021414697170257568359375">
        <ele>8.19999980926513671875</ele>
        <time>2026-08-05T10:31:56.000Z</time>
        <extensions>
          <ns3:TrackPointExtension>
            <ns3:atemp>32.0</ns3:atemp>
            <ns3:hr>153</ns3:hr>
            <ns3:cad>94</ns3:cad>
          </ns3:TrackPointExtension>
        </extensions>
      </trkpt>
      <trkpt lat="31.0214383900165557861328125" lon="121.4230618067085742950439453125">
        <ele>8.19999980926513671875</ele>
        <time>2026-08-05T10:31:57.000Z</time>
        <extensions>
          <ns3:TrackPointExtension>
            <ns3:atemp>32.0</ns3:atemp>
            <ns3:hr>153</ns3:hr>
            <ns3:cad>94</ns3:cad>
          </ns3:TrackPointExtension>
        </extensions>
      </trkpt>
      <trkpt lat="31.02139388211071491241455078125" lon="121.42307194881141185760498046875">
        <ele>8.19999980926513671875</ele>
        <time>2026-08-05T10:31:58.000Z</time>
        <extensions>
          <ns3:TrackPointExtension>
            <ns3:atemp>32.0</ns3:atemp>
            <ns3:hr>153</ns3:hr>
            <ns3:cad>94</ns3:cad>
          </ns3:TrackPointExtension>
        </extensions>
      </trkpt>
      <trkpt lat="31.02136689238250255584716796875" lon="121.42308175563812255859375">
        <ele>8.19999980926513671875</ele>
        <time>2026-08-05T10:31:59.000Z</time>
        <extensions>
          <ns3:TrackPointExtension>
            <ns3:atemp>32.0</ns3:atemp>
            <ns3:hr>153</ns3:hr>
            <ns3:cad>93</ns3:cad>
          </ns3:TrackPointExtension>
        </extensions>
      </trkpt>
      <trkpt lat="31.0213364660739898681640625" lon="121.42309457994997501373291015625">
        <ele>8.19999980926513671875</ele>
        <time>2026-08-05T10:32:00.000Z</time>
        <extensions>
          <ns3:TrackPointExtension>
            <ns3:atemp>32.0</ns3:atemp>
            <ns3:hr>153</ns3:hr>
            <ns3:cad>92</ns3:cad>
          </ns3:TrackPointExtension>
        </extensions>
      </trkpt>
      <trkpt lat="31.02129480801522731781005859375" lon="121.42311327159404754638671875">
        <ele>8.19999980926513671875</ele>
        <time>2026-08-05T10:32:01.000Z</time>
        <extensions>
          <ns3:TrackPointExtension>
            <ns3:atemp>32.0</ns3:atemp>
            <ns3:hr>153</ns3:hr>
            <ns3:cad>92</ns3:cad>
          </ns3:TrackPointExtension>
        </extensions>
      </trkpt>
      <trkpt lat="31.02127335034310817718505859375" lon="121.42312291078269481658935546875">
        <ele>8.19999980926513671875</ele>
        <time>2026-08-05T10:32:02.000Z</time>
        <extensions>
          <ns3:TrackPointExtension>
            <ns3:atemp>32.0</ns3:atemp>
            <ns3:hr>153</ns3:hr>
            <ns3:cad>93</ns3:cad>
          </ns3:TrackPointExtension>
        </extensions>
      </trkpt>
      <trkpt lat="31.02121836505830287933349609375" lon="121.4231474697589874267578125">
        <ele>8.19999980926513671875</ele>
        <time>2026-08-05T10:32:03.000Z</time>
        <extensions>
          <ns3:TrackPointExtension>
            <ns3:atemp>32.0</ns3:atemp>
            <ns3:hr>153</ns3:hr>
            <ns3:cad>93</ns3:cad>
          </ns3:TrackPointExtension>
        </extensions>
      </trkpt>
      <trkpt lat="31.02120847441256046295166015625" lon="121.42315191216766834259033203125">
        <ele>8.19999980926513671875</ele>
        <time>2026-08-05T10:32:04.000Z</time>
        <extensions>
          <ns3:TrackPointExtension>
            <ns3:atemp>32.0</ns3:atemp>
            <ns3:hr>153</ns3:hr>
            <ns3:cad>93</ns3:cad>
          </ns3:TrackPointExtension>
        </extensions>
      </trkpt>
      <trkpt lat="31.0211596079170703887939453125" lon="121.4231737889349460601806640625">
        <ele>8.19999980926513671875</ele>
        <time>2026-08-05T10:32:05.000Z</time>
        <extensions>
          <ns3:TrackPointExtension>
            <ns3:atemp>32.0</ns3:atemp>
            <ns3:hr>152</ns3:hr>
            <ns3:cad>93</ns3:cad>
          </ns3:TrackPointExtension>
        </extensions>
      </trkpt>
      <trkpt lat="31.02114980109035968780517578125" lon="121.42317823134362697601318359375">
        <ele>8.19999980926513671875</ele>
        <time>2026-08-05T10:32:06.000Z</time>
        <extensions>
          <ns3:TrackPointExtension>
            <ns3:atemp>32.0</ns3:atemp>
            <ns3:hr>152</ns3:hr>
            <ns3:cad>94</ns3:cad>
          </ns3:TrackPointExtension>
        </extensions>
      </trkpt>
      <trkpt lat="31.02111124433577060699462890625" lon="121.42319549806416034698486328125">
        <ele>8.19999980926513671875</ele>
        <time>2026-08-05T10:32:07.000Z</time>
        <extensions>
          <ns3:TrackPointExtension>
            <ns3:atemp>32.0</ns3:atemp>
            <ns3:hr>152</ns3:hr>
            <ns3:cad>94</ns3:cad>
          </ns3:TrackPointExtension>
        </extensions>
      </trkpt>
      <trkpt lat="31.02108174003660678863525390625" lon="121.4232086576521396636962890625">
        <ele>8.19999980926513671875</ele>
        <time>2026-08-05T10:32:08.000Z</time>
        <extensions>
          <ns3:TrackPointExtension>
            <ns3:atemp>32.0</ns3:atemp>
            <ns3:hr>152</ns3:hr>
            <ns3:cad>94</ns3:cad>
          </ns3:TrackPointExtension>
        </extensions>
      </trkpt>
      <trkpt lat="31.02105810306966304779052734375" lon="121.42321930266916751861572265625">
        <ele>8.19999980926513671875</ele>
        <time>2026-08-05T10:32:09.000Z</time>
        <extensions>
          <ns3:TrackPointExtension>
            <ns3:atemp>32.0</ns3:atemp>
            <ns3:hr>152</ns3:hr>
            <ns3:cad>93</ns3:cad>
          </ns3:TrackPointExtension>
        </extensions>
      </trkpt>
      <trkpt lat="31.0210104100406169891357421875" lon="121.42324067652225494384765625">
        <ele>8.19999980926513671875</ele>
        <time>2026-08-05T10:32:10.000Z</time>
        <extensions>
          <ns3:TrackPointExtension>
            <ns3:atemp>32.0</ns3:atemp>
            <ns3:hr>152</ns3:hr>
            <ns3:cad>93</ns3:cad>
          </ns3:TrackPointExtension>
        </extensions>
      </trkpt>
      <trkpt lat="31.02099917829036712646484375" lon="121.423245705664157867431640625">
        <ele>8.19999980926513671875</ele>
        <time>2026-08-05T10:32:11.000Z</time>
        <extensions>
          <ns3:TrackPointExtension>
            <ns3:atemp>32.0</ns3:atemp>
            <ns3:hr>153</ns3:hr>
            <ns3:cad>94</ns3:cad>
          </ns3:TrackPointExtension>
        </extensions>
      </trkpt>
      <trkpt lat="31.02094955742359161376953125" lon="121.42326791770756244659423828125">
        <ele>8.19999980926513671875</ele>
        <time>2026-08-05T10:32:12.000Z</time>
        <extensions>
          <ns3:TrackPointExtension>
            <ns3:atemp>32.0</ns3:atemp>
            <ns3:hr>153</ns3:hr>
            <ns3:cad>94</ns3:cad>
          </ns3:TrackPointExtension>
        </extensions>
      </trkpt>
      <trkpt lat="31.02094151079654693603515625" lon="121.42327152192592620849609375">
        <ele>8.19999980926513671875</ele>
        <time>2026-08-05T10:32:13.000Z</time>
        <extensions>
          <ns3:TrackPointExtension>
            <ns3:atemp>32.0</ns3:atemp>
            <ns3:hr>153</ns3:hr>
            <ns3:cad>94</ns3:cad>
          </ns3:TrackPointExtension>
        </extensions>
      </trkpt>
      <trkpt lat="31.0208970867097377777099609375" lon="121.42329138703644275665283203125">
        <ele>8.19999980926513671875</ele>
        <time>2026-08-05T10:32:14.000Z</time>
        <extensions>
          <ns3:TrackPointExtension>
            <ns3:atemp>32.0</ns3:atemp>
            <ns3:hr>153</ns3:hr>
            <ns3:cad>93</ns3:cad>
          </ns3:TrackPointExtension>
        </extensions>
      </trkpt>
      <trkpt lat="31.02088275365531444549560546875" lon="121.4232978411018848419189453125">
        <ele>8.19999980926513671875</ele>
        <time>2026-08-05T10:32:15.000Z</time>
        <extensions>
          <ns3:TrackPointExtension>
            <ns3:atemp>32.0</ns3:atemp>
            <ns3:hr>153</ns3:hr>
            <ns3:cad>93</ns3:cad>
          </ns3:TrackPointExtension>
        </extensions>
      </trkpt>
      <trkpt lat="31.020846627652645111083984375" lon="121.42331401817500591278076171875">
        <ele>8.19999980926513671875</ele>
        <time>2026-08-05T10:32:16.000Z</time>
        <extensions>
          <ns3:TrackPointExtension>
            <ns3:atemp>32.0</ns3:atemp>
            <ns3:hr>153</ns3:hr>
            <ns3:cad>94</ns3:cad>
          </ns3:TrackPointExtension>
        </extensions>
      </trkpt>
      <trkpt lat="31.0208149440586566925048828125" lon="121.423328183591365814208984375">
        <ele>8.19999980926513671875</ele>
        <time>2026-08-05T10:32:17.000Z</time>
        <extensions>
          <ns3:TrackPointExtension>
            <ns3:atemp>32.0</ns3:atemp>
            <ns3:hr>153</ns3:hr>
            <ns3:cad>95</ns3:cad>
          </ns3:TrackPointExtension>
        </extensions>
      </trkpt>
      <trkpt lat="31.02079021744430065155029296875" lon="121.42333924770355224609375">
        <ele>8.19999980926513671875</ele>
        <time>2026-08-05T10:32:18.000Z</time>
        <extensions>
          <ns3:TrackPointExtension>
            <ns3:atemp>32.0</ns3:atemp>
            <ns3:hr>154</ns3:hr>
            <ns3:cad>95</ns3:cad>
          </ns3:TrackPointExtension>
        </extensions>
      </trkpt>
      <trkpt lat="31.02074696682393550872802734375" lon="121.42335869371891021728515625">
        <ele>8.19999980926513671875</ele>
        <time>2026-08-05T10:32:19.000Z</time>
        <extensions>
          <ns3:TrackPointExtension>
            <ns3:atemp>32.0</ns3:atemp>
            <ns3:hr>154</ns3:hr>
            <ns3:cad>93</ns3:cad>
          </ns3:TrackPointExtension>
        </extensions>
      </trkpt>
      <trkpt lat="31.02073573507368564605712890625" lon="121.42336363904178142547607421875">
        <ele>8.19999980926513671875</ele>
        <time>2026-08-05T10:32:20.000Z</time>
        <extensions>
          <ns3:TrackPointExtension>
            <ns3:atemp>32.0</ns3:atemp>
            <ns3:hr>155</ns3:hr>
            <ns3:cad>92</ns3:cad>
          </ns3:TrackPointExtension>
        </extensions>
      </trkpt>
      <trkpt lat="31.020683683454990386962890625" lon="121.42338794656097888946533203125">
        <ele>8.19999980926513671875</ele>
        <time>2026-08-05T10:32:21.000Z</time>
        <extensions>
          <ns3:TrackPointExtension>
            <ns3:atemp>32.0</ns3:atemp>
            <ns3:hr>155</ns3:hr>
            <ns3:cad>91</ns3:cad>
          </ns3:TrackPointExtension>
        </extensions>
      </trkpt>
      <trkpt lat="31.02068024687469005584716796875" lon="121.42338979057967662811279296875">
        <ele>8.19999980926513671875</ele>
        <time>2026-08-05T10:32:22.000Z</time>
        <extensions>
          <ns3:TrackPointExtension>
            <ns3:atemp>32.0</ns3:atemp>
            <ns3:hr>155</ns3:hr>
            <ns3:cad>91</ns3:cad>
          </ns3:TrackPointExtension>
        </extensions>
      </trkpt>
      <trkpt lat="31.020630039274692535400390625" lon="121.42342130653560161590576171875">
        <ele>8.19999980926513671875</ele>
        <time>2026-08-05T10:32:23.000Z</time>
        <extensions>
          <ns3:TrackPointExtension>
            <ns3:atemp>32.0</ns3:atemp>
            <ns3:hr>155</ns3:hr>
            <ns3:cad>93</ns3:cad>
          </ns3:TrackPointExtension>
        </extensions>
      </trkpt>
      <trkpt lat="31.02062140591442584991455078125" lon="121.42342767678201198577880859375">
        <ele>8.19999980926513671875</ele>
        <time>2026-08-05T10:32:24.000Z</time>
        <extensions>
          <ns3:TrackPointExtension>
            <ns3:atemp>32.0</ns3:atemp>
            <ns3:hr>155</ns3:hr>
            <ns3:cad>93</ns3:cad>
          </ns3:TrackPointExtension>
        </extensions>
      </trkpt>
      <trkpt lat="31.02058335207402706146240234375" lon="121.4234631322324275970458984375">
        <ele>8.19999980926513671875</ele>
        <time>2026-08-05T10:32:25.000Z</time>
        <extensions>
          <ns3:TrackPointExtension>
            <ns3:atemp>32.0</ns3:atemp>
            <ns3:hr>156</ns3:hr>
            <ns3:cad>93</ns3:cad>
          </ns3:TrackPointExtension>
        </extensions>
      </trkpt>
      <trkpt lat="31.0205634869635105133056640625" lon="121.4234872721135616302490234375">
        <ele>8.19999980926513671875</ele>
        <time>2026-08-05T10:32:26.000Z</time>
        <extensions>
          <ns3:TrackPointExtension>
            <ns3:atemp>32.0</ns3:atemp>
            <ns3:hr>156</ns3:hr>
            <ns3:cad>92</ns3:cad>
          </ns3:TrackPointExtension>
        </extensions>
      </trkpt>
      <trkpt lat="31.02054714225232601165771484375" lon="121.42350864596664905548095703125">
        <ele>8.19999980926513671875</ele>
        <time>2026-08-05T10:32:27.000Z</time>
        <extensions>
          <ns3:TrackPointExtension>
            <ns3:atemp>32.0</ns3:atemp>
            <ns3:hr>156</ns3:hr>
            <ns3:cad>92</ns3:cad>
          </ns3:TrackPointExtension>
        </extensions>
      </trkpt>
      <trkpt lat="31.02051948197185993194580078125" lon="121.423556506633758544921875">
        <ele>8.19999980926513671875</ele>
        <time>2026-08-05T10:32:28.000Z</time>
        <extensions>
          <ns3:TrackPointExtension>
            <ns3:atemp>32.0</ns3:atemp>
            <ns3:hr>156</ns3:hr>
            <ns3:cad>93</ns3:cad>
          </ns3:TrackPointExtension>
        </extensions>
      </trkpt>
      <trkpt lat="31.020515374839305877685546875" lon="121.42356564290821552276611328125">
        <ele>8.19999980926513671875</ele>
        <time>2026-08-05T10:32:29.000Z</time>
        <extensions>
          <ns3:TrackPointExtension>
            <ns3:atemp>32.0</ns3:atemp>
            <ns3:hr>155</ns3:hr>
            <ns3:cad>93</ns3:cad>
          </ns3:TrackPointExtension>
        </extensions>
      </trkpt>
      <trkpt lat="31.0204942524433135986328125" lon="121.42362012527883052825927734375">
        <ele>8.19999980926513671875</ele>
        <time>2026-08-05T10:32:30.000Z</time>
        <extensions>
          <ns3:TrackPointExtension>
            <ns3:atemp>32.0</ns3:atemp>
            <ns3:hr>155</ns3:hr>
            <ns3:cad>93</ns3:cad>
          </ns3:TrackPointExtension>
        </extensions>
      </trkpt>
      <trkpt lat="31.02049291133880615234375" lon="121.4236244000494480133056640625">
        <ele>8.19999980926513671875</ele>
        <time>2026-08-05T10:32:31.000Z</time>
        <extensions>
          <ns3:TrackPointExtension>
            <ns3:atemp>32.0</ns3:atemp>
            <ns3:hr>155</ns3:hr>
            <ns3:cad>93</ns3:cad>
          </ns3:TrackPointExtension>
        </extensions>
      </trkpt>
      <trkpt lat="31.0204803384840488433837890625" lon="121.42367661930620670318603515625">
        <ele>8.19999980926513671875</ele>
        <time>2026-08-05T10:32:32.000Z</time>
        <extensions>
          <ns3:TrackPointExtension>
            <ns3:atemp>32.0</ns3:atemp>
            <ns3:hr>154</ns3:hr>
            <ns3:cad>93</ns3:cad>
          </ns3:TrackPointExtension>
        </extensions>
      </trkpt>
      <trkpt lat="31.0204773209989070892333984375" lon="121.42369220964610576629638671875">
        <ele>8.19999980926513671875</ele>
        <time>2026-08-05T10:32:33.000Z</time>
        <extensions>
          <ns3:TrackPointExtension>
            <ns3:atemp>32.0</ns3:atemp>
            <ns3:hr>154</ns3:hr>
            <ns3:cad>93</ns3:cad>
          </ns3:TrackPointExtension>
        </extensions>
      </trkpt>
      <trkpt lat="31.02047304622828960418701171875" lon="121.423741914331912994384765625">
        <ele>8.19999980926513671875</ele>
        <time>2026-08-05T10:32:34.000Z</time>
        <extensions>
          <ns3:TrackPointExtension>
            <ns3:atemp>32.0</ns3:atemp>
            <ns3:hr>155</ns3:hr>
            <ns3:cad>93</ns3:cad>
          </ns3:TrackPointExtension>
        </extensions>
      </trkpt>
      <trkpt lat="31.02047271095216274261474609375" lon="121.4237534813582897186279296875">
        <ele>8.19999980926513671875</ele>
        <time>2026-08-05T10:32:35.000Z</time>
        <extensions>
          <ns3:TrackPointExtension>
            <ns3:atemp>32.0</ns3:atemp>
            <ns3:hr>155</ns3:hr>
            <ns3:cad>93</ns3:cad>
          </ns3:TrackPointExtension>
        </extensions>
      </trkpt>
      <trkpt lat="31.0204743035137653350830078125" lon="121.42379949800670146942138671875">
        <ele>8.19999980926513671875</ele>
        <time>2026-08-05T10:32:36.000Z</time>
        <extensions>
          <ns3:TrackPointExtension>
            <ns3:atemp>32.0</ns3:atemp>
            <ns3:hr>155</ns3:hr>
            <ns3:cad>92</ns3:cad>
          </ns3:TrackPointExtension>
        </extensions>
      </trkpt>
      <trkpt lat="31.020479165017604827880859375" lon="121.42383386380970478057861328125">
        <ele>8.19999980926513671875</ele>
        <time>2026-08-05T10:32:37.000Z</time>
        <extensions>
          <ns3:TrackPointExtension>
            <ns3:atemp>32.0</ns3:atemp>
            <ns3:hr>155</ns3:hr>
            <ns3:cad>92</ns3:cad>
          </ns3:TrackPointExtension>
        </extensions>
      </trkpt>
      <trkpt lat="31.02048578672111034393310546875" lon="121.4238671399652957916259765625">
        <ele>8.19999980926513671875</ele>
        <time>2026-08-05T10:32:38.000Z</time>
        <extensions>
          <ns3:TrackPointExtension>
            <ns3:atemp>32.0</ns3:atemp>
            <ns3:hr>154</ns3:hr>
            <ns3:cad>92</ns3:cad>
          </ns3:TrackPointExtension>
        </extensions>
      </trkpt>
      <trkpt lat="31.0205004550516605377197265625" lon="121.4239160902798175811767578125">
        <ele>8.19999980926513671875</ele>
        <time>2026-08-05T10:32:39.000Z</time>
        <extensions>
          <ns3:TrackPointExtension>
            <ns3:atemp>32.0</ns3:atemp>
            <ns3:hr>155</ns3:hr>
            <ns3:cad>92</ns3:cad>
          </ns3:TrackPointExtension>
        </extensions>
      </trkpt>
      <trkpt lat="31.02050657384097576141357421875" lon="121.4239315129816532135009765625">
        <ele>8.19999980926513671875</ele>
        <time>2026-08-05T10:32:40.000Z</time>
        <extensions>
          <ns3:TrackPointExtension>
            <ns3:atemp>32.0</ns3:atemp>
            <ns3:hr>155</ns3:hr>
            <ns3:cad>92</ns3:cad>
          </ns3:TrackPointExtension>
        </extensions>
      </trkpt>
      <trkpt lat="31.02052870206534862518310546875" lon="121.4239777810871601104736328125">
        <ele>8.19999980926513671875</ele>
        <time>2026-08-05T10:32:41.000Z</time>
        <extensions>
          <ns3:TrackPointExtension>
            <ns3:atemp>32.0</ns3:atemp>
            <ns3:hr>155</ns3:hr>
            <ns3:cad>93</ns3:cad>
          </ns3:TrackPointExtension>
        </extensions>
      </trkpt>
      <trkpt lat="31.020534150302410125732421875" lon="121.4239878393709659576416015625">
        <ele>8.19999980926513671875</ele>
        <time>2026-08-05T10:32:42.000Z</time>
        <extensions>
          <ns3:TrackPointExtension>
            <ns3:atemp>32.0</ns3:atemp>
            <ns3:hr>154</ns3:hr>
            <ns3:cad>94</ns3:cad>
          </ns3:TrackPointExtension>
        </extensions>
      </trkpt>
      <trkpt lat="31.0205661691725254058837890625" lon="121.42403461039066314697265625">
        <ele>8.19999980926513671875</ele>
        <time>2026-08-05T10:32:43.000Z</time>
        <extensions>
          <ns3:TrackPointExtension>
            <ns3:atemp>32.0</ns3:atemp>
            <ns3:hr>155</ns3:hr>
            <ns3:cad>94</ns3:cad>
          </ns3:TrackPointExtension>
        </extensions>
      </trkpt>
      <trkpt lat="31.02057178504765033721923828125" lon="121.42404106445610523223876953125">
        <ele>8.19999980926513671875</ele>
        <time>2026-08-05T10:32:44.000Z</time>
        <extensions>
          <ns3:TrackPointExtension>
            <ns3:atemp>32.0</ns3:atemp>
            <ns3:hr>155</ns3:hr>
            <ns3:cad>93</ns3:cad>
          </ns3:TrackPointExtension>
        </extensions>
      </trkpt>
      <trkpt lat="31.020611263811588287353515625" lon="121.42408079467713832855224609375">
        <ele>8.19999980926513671875</ele>
        <time>2026-08-05T10:32:45.000Z</time>
        <extensions>
          <ns3:TrackPointExtension>
            <ns3:atemp>32.0</ns3:atemp>
            <ns3:hr>155</ns3:hr>
            <ns3:cad>92</ns3:cad>
          </ns3:TrackPointExtension>
        </extensions>
      </trkpt>
      <trkpt lat="31.02061939425766468048095703125" lon="121.424087584018707275390625">
        <ele>8.19999980926513671875</ele>
        <time>2026-08-05T10:32:46.000Z</time>
        <extensions>
          <ns3:TrackPointExtension>
            <ns3:atemp>32.0</ns3:atemp>
            <ns3:hr>155</ns3:hr>
            <ns3:cad>92</ns3:cad>
          </ns3:TrackPointExtension>
        </extensions>
      </trkpt>
      <trkpt lat="31.0206664167344570159912109375" lon="121.42412018962204456329345703125">
        <ele>8.19999980926513671875</ele>
        <time>2026-08-05T10:32:47.000Z</time>
        <extensions>
          <ns3:TrackPointExtension>
            <ns3:atemp>32.0</ns3:atemp>
            <ns3:hr>156</ns3:hr>
            <ns3:cad>92</ns3:cad>
          </ns3:TrackPointExtension>
        </extensions>
      </trkpt>
      <trkpt lat="31.02067454718053340911865234375" lon="121.42412521876394748687744140625">
        <ele>8.19999980926513671875</ele>
        <time>2026-08-05T10:32:48.000Z</time>
        <extensions>
          <ns3:TrackPointExtension>
            <ns3:atemp>32.0</ns3:atemp>
            <ns3:hr>156</ns3:hr>
            <ns3:cad>93</ns3:cad>
          </ns3:TrackPointExtension>
        </extensions>
      </trkpt>
      <trkpt lat="31.02072291076183319091796875" lon="121.42414600588381290435791015625">
        <ele>8.19999980926513671875</ele>
        <time>2026-08-05T10:32:49.000Z</time>
        <extensions>
          <ns3:TrackPointExtension>
            <ns3:atemp>32.0</ns3:atemp>
            <ns3:hr>156</ns3:hr>
            <ns3:cad>93</ns3:cad>
          </ns3:TrackPointExtension>
        </extensions>
      </trkpt>
      <trkpt lat="31.0207356512546539306640625" lon="121.42414935864508152008056640625">
        <ele>8.19999980926513671875</ele>
        <time>2026-08-05T10:32:50.000Z</time>
        <extensions>
          <ns3:TrackPointExtension>
            <ns3:atemp>32.0</ns3:atemp>
            <ns3:hr>156</ns3:hr>
            <ns3:cad>93</ns3:cad>
          </ns3:TrackPointExtension>
        </extensions>
      </trkpt>
      <trkpt lat="31.0207810811698436737060546875" lon="121.4241586625576019287109375">
        <ele>8.19999980926513671875</ele>
        <time>2026-08-05T10:32:51.000Z</time>
        <extensions>
          <ns3:TrackPointExtension>
            <ns3:atemp>32.0</ns3:atemp>
            <ns3:hr>156</ns3:hr>
            <ns3:cad>93</ns3:cad>
          </ns3:TrackPointExtension>
        </extensions>
      </trkpt>
      <trkpt lat="31.0208052210509777069091796875" lon="121.42416126094758510589599609375">
        <ele>8.19999980926513671875</ele>
        <time>2026-08-05T10:32:52.000Z</time>
        <extensions>
          <ns3:TrackPointExtension>
            <ns3:atemp>32.0</ns3:atemp>
            <ns3:hr>156</ns3:hr>
            <ns3:cad>92</ns3:cad>
          </ns3:TrackPointExtension>
        </extensions>
      </trkpt>
      <trkpt lat="31.02084402926266193389892578125" lon="121.424160003662109375">
        <ele>8.19999980926513671875</ele>
        <time>2026-08-05T10:32:53.000Z</time>
        <extensions>
          <ns3:TrackPointExtension>
            <ns3:atemp>32.0</ns3:atemp>
            <ns3:hr>156</ns3:hr>
            <ns3:cad>92</ns3:cad>
          </ns3:TrackPointExtension>
        </extensions>
      </trkpt>
      <trkpt lat="31.02087856270372867584228515625" lon="121.42415463924407958984375">
        <ele>8.19999980926513671875</ele>
        <time>2026-08-05T10:32:54.000Z</time>
        <extensions>
          <ns3:TrackPointExtension>
            <ns3:atemp>32.0</ns3:atemp>
            <ns3:hr>156</ns3:hr>
            <ns3:cad>93</ns3:cad>
          </ns3:TrackPointExtension>
        </extensions>
      </trkpt>
      <trkpt lat="31.0209047980606555938720703125" lon="121.42414835281670093536376953125">
        <ele>8.19999980926513671875</ele>
        <time>2026-08-05T10:32:55.000Z</time>
        <extensions>
          <ns3:TrackPointExtension>
            <ns3:atemp>32.0</ns3:atemp>
            <ns3:hr>156</ns3:hr>
            <ns3:cad>94</ns3:cad>
          </ns3:TrackPointExtension>
        </extensions>
      </trkpt>
      <trkpt lat="31.0209433548152446746826171875" lon="121.42413427121937274932861328125">
        <ele>8.19999980926513671875</ele>
        <time>2026-08-05T10:32:56.000Z</time>
        <extensions>
          <ns3:TrackPointExtension>
            <ns3:atemp>32.0</ns3:atemp>
            <ns3:hr>156</ns3:hr>
            <ns3:cad>94</ns3:cad>
          </ns3:TrackPointExtension>
        </extensions>
      </trkpt>
      <trkpt lat="31.02095785550773143768310546875" lon="121.42412773333489894866943359375">
        <ele>8.19999980926513671875</ele>
        <time>2026-08-05T10:32:57.000Z</time>
        <extensions>
          <ns3:TrackPointExtension>
            <ns3:atemp>32.0</ns3:atemp>
            <ns3:hr>157</ns3:hr>
            <ns3:cad>92</ns3:cad>
          </ns3:TrackPointExtension>
        </extensions>
      </trkpt>
      <trkpt lat="31.0210073925554752349853515625" lon="121.42410560511052608489990234375">
        <ele>8.19999980926513671875</ele>
        <time>2026-08-05T10:32:58.000Z</time>
        <extensions>
          <ns3:TrackPointExtension>
            <ns3:atemp>32.0</ns3:atemp>
            <ns3:hr>157</ns3:hr>
            <ns3:cad>92</ns3:cad>
          </ns3:TrackPointExtension>
        </extensions>
      </trkpt>
      <trkpt lat="31.02102021686732769012451171875" lon="121.4240998215973377227783203125">
        <ele>8.19999980926513671875</ele>
        <time>2026-08-05T10:32:59.000Z</time>
        <extensions>
          <ns3:TrackPointExtension>
            <ns3:atemp>32.0</ns3:atemp>
            <ns3:hr>158</ns3:hr>
            <ns3:cad>92</ns3:cad>
          </ns3:TrackPointExtension>
        </extensions>
      </trkpt>
      <trkpt lat="31.02106665261089801788330078125" lon="121.4240790344774723052978515625">
        <ele>8.19999980926513671875</ele>
        <time>2026-08-05T10:33:00.000Z</time>
        <extensions>
          <ns3:TrackPointExtension>
            <ns3:atemp>32.0</ns3:atemp>
            <ns3:hr>159</ns3:hr>
            <ns3:cad>92</ns3:cad>
          </ns3:TrackPointExtension>
        </extensions>
      </trkpt>
      <trkpt lat="31.02107251994311809539794921875" lon="121.4240763522684574127197265625">
        <ele>8.19999980926513671875</ele>
        <time>2026-08-05T10:33:01.000Z</time>
        <extensions>
          <ns3:TrackPointExtension>
            <ns3:atemp>31.0</ns3:atemp>
            <ns3:hr>158</ns3:hr>
            <ns3:cad>92</ns3:cad>
          </ns3:TrackPointExtension>
        </extensions>
      </trkpt>
      <trkpt lat="31.02112163789570331573486328125" lon="121.424054391682147979736328125">
        <ele>8.19999980926513671875</ele>
        <time>2026-08-05T10:33:02.000Z</time>
        <extensions>
          <ns3:TrackPointExtension>
            <ns3:atemp>32.0</ns3:atemp>
            <ns3:hr>158</ns3:hr>
            <ns3:cad>92</ns3:cad>
          </ns3:TrackPointExtension>
        </extensions>
      </trkpt>
      <trkpt lat="31.0211290977895259857177734375" lon="121.424051038920879364013671875">
        <ele>8.19999980926513671875</ele>
        <time>2026-08-05T10:33:03.000Z</time>
        <extensions>
          <ns3:TrackPointExtension>
            <ns3:atemp>31.0</ns3:atemp>
            <ns3:hr>158</ns3:hr>
            <ns3:cad>92</ns3:cad>
          </ns3:TrackPointExtension>
        </extensions>
      </trkpt>
      <trkpt lat="31.0211743600666522979736328125" lon="121.4240307547152042388916015625">
        <ele>8.19999980926513671875</ele>
        <time>2026-08-05T10:33:04.000Z</time>
        <extensions>
          <ns3:TrackPointExtension>
            <ns3:atemp>31.0</ns3:atemp>
            <ns3:hr>158</ns3:hr>
            <ns3:cad>92</ns3:cad>
          </ns3:TrackPointExtension>
        </extensions>
      </trkpt>
      <trkpt lat="31.0211907885968685150146484375" lon="121.4240233786404132843017578125">
        <ele>8.19999980926513671875</ele>
        <time>2026-08-05T10:33:05.000Z</time>
        <extensions>
          <ns3:TrackPointExtension>
            <ns3:atemp>32.0</ns3:atemp>
            <ns3:hr>158</ns3:hr>
            <ns3:cad>92</ns3:cad>
          </ns3:TrackPointExtension>
        </extensions>
      </trkpt>
      <trkpt lat="31.0212306864559650421142578125" lon="121.42400552518665790557861328125">
        <ele>8.19999980926513671875</ele>
        <time>2026-08-05T10:33:06.000Z</time>
        <extensions>
          <ns3:TrackPointExtension>
            <ns3:atemp>32.0</ns3:atemp>
            <ns3:hr>158</ns3:hr>
            <ns3:cad>91</ns3:cad>
          </ns3:TrackPointExtension>
        </extensions>
      </trkpt>
      <trkpt lat="31.02125105448067188262939453125" lon="121.423996388912200927734375">
        <ele>8.19999980926513671875</ele>
        <time>2026-08-05T10:33:07.000Z</time>
        <extensions>
          <ns3:TrackPointExtension>
            <ns3:atemp>31.0</ns3:atemp>
            <ns3:hr>158</ns3:hr>
            <ns3:cad>92</ns3:cad>
          </ns3:TrackPointExtension>
        </extensions>
      </trkpt>
      <trkpt lat="31.0212803073227405548095703125" lon="121.423983313143253326416015625">
        <ele>8.19999980926513671875</ele>
        <time>2026-08-05T10:33:08.000Z</time>
        <extensions>
          <ns3:TrackPointExtension>
            <ns3:atemp>31.0</ns3:atemp>
            <ns3:hr>158</ns3:hr>
            <ns3:cad>93</ns3:cad>
          </ns3:TrackPointExtension>
        </extensions>
      </trkpt>
      <trkpt lat="31.02131525985896587371826171875" lon="121.42396763898432254791259765625">
        <ele>8.19999980926513671875</ele>
        <time>2026-08-05T10:33:09.000Z</time>
        <extensions>
          <ns3:TrackPointExtension>
            <ns3:atemp>32.0</ns3:atemp>
            <ns3:hr>158</ns3:hr>
            <ns3:cad>93</ns3:cad>
          </ns3:TrackPointExtension>
        </extensions>
      </trkpt>
      <trkpt lat="31.021336130797863006591796875" lon="121.4239583350718021392822265625">
        <ele>8.19999980926513671875</ele>
        <time>2026-08-05T10:33:10.000Z</time>
        <extensions>
          <ns3:TrackPointExtension>
            <ns3:atemp>32.0</ns3:atemp>
            <ns3:hr>158</ns3:hr>
            <ns3:cad>93</ns3:cad>
          </ns3:TrackPointExtension>
        </extensions>
      </trkpt>
      <trkpt lat="31.0213772021234035491943359375" lon="121.4239398948848247528076171875">
        <ele>8.19999980926513671875</ele>
        <time>2026-08-05T10:33:11.000Z</time>
        <extensions>
          <ns3:TrackPointExtension>
            <ns3:atemp>32.0</ns3:atemp>
            <ns3:hr>157</ns3:hr>
            <ns3:cad>93</ns3:cad>
          </ns3:TrackPointExtension>
        </extensions>
      </trkpt>
      <trkpt lat="31.0213954746723175048828125" lon="121.42393176443874835968017578125">
        <ele>8.19999980926513671875</ele>
        <time>2026-08-05T10:33:12.000Z</time>
        <extensions>
          <ns3:TrackPointExtension>
            <ns3:atemp>31.0</ns3:atemp>
            <ns3:hr>157</ns3:hr>
            <ns3:cad>93</ns3:cad>
          </ns3:TrackPointExtension>
        </extensions>
      </trkpt>
      <trkpt lat="31.021442078053951263427734375" lon="121.423910893499851226806640625">
        <ele>8.19999980926513671875</ele>
        <time>2026-08-05T10:33:13.000Z</time>
        <extensions>
          <ns3:TrackPointExtension>
            <ns3:atemp>31.0</ns3:atemp>
            <ns3:hr>157</ns3:hr>
            <ns3:cad>92</ns3:cad>
          </ns3:TrackPointExtension>
        </extensions>
      </trkpt>
      <trkpt lat="31.0214509628713130950927734375" lon="121.423906870186328887939453125">
        <ele>8.19999980926513671875</ele>
        <time>2026-08-05T10:33:14.000Z</time>
        <extensions>
          <ns3:TrackPointExtension>
            <ns3:atemp>31.0</ns3:atemp>
            <ns3:hr>158</ns3:hr>
            <ns3:cad>92</ns3:cad>
          </ns3:TrackPointExtension>
        </extensions>
      </trkpt>
      <trkpt lat="31.02150150574743747711181640625" lon="121.4238842390477657318115234375">
        <ele>8.19999980926513671875</ele>
        <time>2026-08-05T10:33:15.000Z</time>
        <extensions>
          <ns3:TrackPointExtension>
            <ns3:atemp>31.0</ns3:atemp>
            <ns3:hr>158</ns3:hr>
            <ns3:cad>92</ns3:cad>
          </ns3:TrackPointExtension>
        </extensions>
      </trkpt>
      <trkpt lat="31.021509468555450439453125" lon="121.42388063482940196990966796875">
        <ele>8.19999980926513671875</ele>
        <time>2026-08-05T10:33:16.000Z</time>
        <extensions>
          <ns3:TrackPointExtension>
            <ns3:atemp>31.0</ns3:atemp>
            <ns3:hr>158</ns3:hr>
            <ns3:cad>92</ns3:cad>
          </ns3:TrackPointExtension>
        </extensions>
      </trkpt>
      <trkpt lat="31.02155783213675022125244140625" lon="121.42385900951921939849853515625">
        <ele>8.19999980926513671875</ele>
        <time>2026-08-05T10:33:17.000Z</time>
        <extensions>
          <ns3:TrackPointExtension>
            <ns3:atemp>32.0</ns3:atemp>
            <ns3:hr>158</ns3:hr>
            <ns3:cad>92</ns3:cad>
          </ns3:TrackPointExtension>
        </extensions>
      </trkpt>
      <trkpt lat="31.02156721986830234527587890625" lon="121.42385481856763362884521484375">
        <ele>8.19999980926513671875</ele>
        <time>2026-08-05T10:33:18.000Z</time>
        <extensions>
          <ns3:TrackPointExtension>
            <ns3:atemp>32.0</ns3:atemp>
            <ns3:hr>157</ns3:hr>
            <ns3:cad>92</ns3:cad>
          </ns3:TrackPointExtension>
        </extensions>
      </trkpt>
      <trkpt lat="31.02161264978349208831787109375" lon="121.42383386380970478057861328125">
        <ele>8.19999980926513671875</ele>
        <time>2026-08-05T10:33:19.000Z</time>
        <extensions>
          <ns3:TrackPointExtension>
            <ns3:atemp>31.0</ns3:atemp>
            <ns3:hr>158</ns3:hr>
            <ns3:cad>93</ns3:cad>
          </ns3:TrackPointExtension>
        </extensions>
      </trkpt>
      <trkpt lat="31.0216323472559452056884765625" lon="121.4238232187926769256591796875">
        <ele>8.19999980926513671875</ele>
        <time>2026-08-05T10:33:20.000Z</time>
        <extensions>
          <ns3:TrackPointExtension>
            <ns3:atemp>31.0</ns3:atemp>
            <ns3:hr>157</ns3:hr>
            <ns3:cad>93</ns3:cad>
          </ns3:TrackPointExtension>
        </extensions>
      </trkpt>
      <trkpt lat="31.02166411466896533966064453125" lon="121.42380268312990665435791015625">
        <ele>8.19999980926513671875</ele>
        <time>2026-08-05T10:33:21.000Z</time>
        <extensions>
          <ns3:TrackPointExtension>
            <ns3:atemp>32.0</ns3:atemp>
            <ns3:hr>157</ns3:hr>
            <ns3:cad>93</ns3:cad>
          </ns3:TrackPointExtension>
        </extensions>
      </trkpt>
      <trkpt lat="31.02169244550168514251708984375" lon="121.423780135810375213623046875">
        <ele>8.19999980926513671875</ele>
        <time>2026-08-05T10:33:22.000Z</time>
        <extensions>
          <ns3:TrackPointExtension>
            <ns3:atemp>31.0</ns3:atemp>
            <ns3:hr>158</ns3:hr>
            <ns3:cad>93</ns3:cad>
          </ns3:TrackPointExtension>
        </extensions>
      </trkpt>
      <trkpt lat="31.0217071138322353363037109375" lon="121.4237658865749835968017578125">
        <ele>8.19999980926513671875</ele>
        <time>2026-08-05T10:33:23.000Z</time>
        <extensions>
          <ns3:TrackPointExtension>
            <ns3:atemp>31.0</ns3:atemp>
            <ns3:hr>158</ns3:hr>
            <ns3:cad>93</ns3:cad>
          </ns3:TrackPointExtension>
        </extensions>
      </trkpt>
      <trkpt lat="31.021737121045589447021484375" lon="121.42373177222907543182373046875">
        <ele>8.19999980926513671875</ele>
        <time>2026-08-05T10:33:24.000Z</time>
        <extensions>
          <ns3:TrackPointExtension>
            <ns3:atemp>31.0</ns3:atemp>
            <ns3:hr>158</ns3:hr>
            <ns3:cad>92</ns3:cad>
          </ns3:TrackPointExtension>
        </extensions>
      </trkpt>
      <trkpt lat="31.02174525149166584014892578125" lon="121.4237214624881744384765625">
        <ele>8.19999980926513671875</ele>
        <time>2026-08-05T10:33:25.000Z</time>
        <extensions>
          <ns3:TrackPointExtension>
            <ns3:atemp>32.0</ns3:atemp>
            <ns3:hr>158</ns3:hr>
            <ns3:cad>92</ns3:cad>
          </ns3:TrackPointExtension>
        </extensions>
      </trkpt>
      <trkpt lat="31.02177836000919342041015625" lon="121.42366773448884487152099609375">
        <ele>8.19999980926513671875</ele>
        <time>2026-08-05T10:33:26.000Z</time>
        <extensions>
          <ns3:TrackPointExtension>
            <ns3:atemp>32.0</ns3:atemp>
            <ns3:hr>158</ns3:hr>
            <ns3:cad>92</ns3:cad>
          </ns3:TrackPointExtension>
        </extensions>
      </trkpt>
      <trkpt lat="31.02178062312304973602294921875" lon="121.423662789165973663330078125">
        <ele>8.19999980926513671875</ele>
        <time>2026-08-05T10:33:27.000Z</time>
        <extensions>
          <ns3:TrackPointExtension>
            <ns3:atemp>32.0</ns3:atemp>
            <ns3:hr>158</ns3:hr>
            <ns3:cad>92</ns3:cad>
          </ns3:TrackPointExtension>
        </extensions>
      </trkpt>
      <trkpt lat="31.02180518209934234619140625" lon="121.423601098358631134033203125">
        <ele>8.19999980926513671875</ele>
        <time>2026-08-05T10:33:28.000Z</time>
        <extensions>
          <ns3:TrackPointExtension>
            <ns3:atemp>31.0</ns3:atemp>
            <ns3:hr>158</ns3:hr>
            <ns3:cad>92</ns3:cad>
          </ns3:TrackPointExtension>
        </extensions>
      </trkpt>
      <trkpt lat="31.02180828340351581573486328125" lon="121.42359129153192043304443359375">
        <ele>8.19999980926513671875</ele>
        <time>2026-08-05T10:33:29.000Z</time>
        <extensions>
          <ns3:TrackPointExtension>
            <ns3:atemp>31.0</ns3:atemp>
            <ns3:hr>158</ns3:hr>
            <ns3:cad>92</ns3:cad>
          </ns3:TrackPointExtension>
        </extensions>
      </trkpt>
      <trkpt lat="31.0218211077153682708740234375" lon="121.4235348813235759735107421875">
        <ele>8.19999980926513671875</ele>
        <time>2026-08-05T10:33:30.000Z</time>
        <extensions>
          <ns3:TrackPointExtension>
            <ns3:atemp>31.0</ns3:atemp>
            <ns3:hr>158</ns3:hr>
            <ns3:cad>93</ns3:cad>
          </ns3:TrackPointExtension>
        </extensions>
      </trkpt>
      <trkpt lat="31.02182202972471714019775390625" lon="121.4235301874577999114990234375">
        <ele>8.19999980926513671875</ele>
        <time>2026-08-05T10:33:31.000Z</time>
        <extensions>
          <ns3:TrackPointExtension>
            <ns3:atemp>31.0</ns3:atemp>
            <ns3:hr>158</ns3:hr>
            <ns3:cad>93</ns3:cad>
          </ns3:TrackPointExtension>
        </extensions>
      </trkpt>
      <trkpt lat="31.02182705886662006378173828125" lon="121.42346288077533245086669921875">
        <ele>8.19999980926513671875</ele>
        <time>2026-08-05T10:33:32.000Z</time>
        <extensions>
          <ns3:TrackPointExtension>
            <ns3:atemp>31.0</ns3:atemp>
            <ns3:hr>158</ns3:hr>
            <ns3:cad>93</ns3:cad>
          </ns3:TrackPointExtension>
        </extensions>
      </trkpt>
      <trkpt lat="31.021826304495334625244140625" lon="121.4234416745603084564208984375">
        <ele>8.19999980926513671875</ele>
        <time>2026-08-05T10:33:33.000Z</time>
        <extensions>
          <ns3:TrackPointExtension>
            <ns3:atemp>31.0</ns3:atemp>
            <ns3:hr>158</ns3:hr>
            <ns3:cad>92</ns3:cad>
          </ns3:TrackPointExtension>
        </extensions>
      </trkpt>
      <trkpt lat="31.0218231193721294403076171875" lon="121.42340269871056079864501953125">
        <ele>8.19999980926513671875</ele>
        <time>2026-08-05T10:33:34.000Z</time>
        <extensions>
          <ns3:TrackPointExtension>
            <ns3:atemp>31.0</ns3:atemp>
            <ns3:hr>158</ns3:hr>
            <ns3:cad>92</ns3:cad>
          </ns3:TrackPointExtension>
        </extensions>
      </trkpt>
      <trkpt lat="31.02181901223957538604736328125" lon="121.4233746193349361419677734375">
        <ele>8.19999980926513671875</ele>
        <time>2026-08-05T10:33:35.000Z</time>
        <extensions>
          <ns3:TrackPointExtension>
            <ns3:atemp>31.0</ns3:atemp>
            <ns3:hr>158</ns3:hr>
            <ns3:cad>92</ns3:cad>
          </ns3:TrackPointExtension>
        </extensions>
      </trkpt>
      <trkpt lat="31.0218110494315624237060546875" lon="121.42334134317934513092041015625">
        <ele>8.19999980926513671875</ele>
        <time>2026-08-05T10:33:36.000Z</time>
        <extensions>
          <ns3:TrackPointExtension>
            <ns3:atemp>31.0</ns3:atemp>
            <ns3:hr>158</ns3:hr>
            <ns3:cad>91</ns3:cad>
          </ns3:TrackPointExtension>
        </extensions>
      </trkpt>
      <trkpt lat="31.0217976383864879608154296875" lon="121.42329943366348743438720703125">
        <ele>8.19999980926513671875</ele>
        <time>2026-08-05T10:33:37.000Z</time>
        <extensions>
          <ns3:TrackPointExtension>
            <ns3:atemp>31.0</ns3:atemp>
            <ns3:hr>159</ns3:hr>
            <ns3:cad>91</ns3:cad>
          </ns3:TrackPointExtension>
        </extensions>
      </trkpt>
      <trkpt lat="31.02179017849266529083251953125" lon="121.42328049056231975555419921875">
        <ele>8.19999980926513671875</ele>
        <time>2026-08-05T10:33:38.000Z</time>
        <extensions>
          <ns3:TrackPointExtension>
            <ns3:atemp>31.0</ns3:atemp>
            <ns3:hr>159</ns3:hr>
            <ns3:cad>91</ns3:cad>
          </ns3:TrackPointExtension>
        </extensions>
      </trkpt>
      <trkpt lat="31.02176763117313385009765625" lon="121.42323573119938373565673828125">
        <ele>8.19999980926513671875</ele>
        <time>2026-08-05T10:33:39.000Z</time>
        <extensions>
          <ns3:TrackPointExtension>
            <ns3:atemp>31.0</ns3:atemp>
            <ns3:hr>159</ns3:hr>
            <ns3:cad>91</ns3:cad>
          </ns3:TrackPointExtension>
        </extensions>
      </trkpt>
      <trkpt lat="31.02176168002188205718994140625" lon="121.42322466708719730377197265625">
        <ele>8.19999980926513671875</ele>
        <time>2026-08-05T10:33:40.000Z</time>
        <extensions>
          <ns3:TrackPointExtension>
            <ns3:atemp>31.0</ns3:atemp>
            <ns3:hr>159</ns3:hr>
            <ns3:cad>93</ns3:cad>
          </ns3:TrackPointExtension>
        </extensions>
      </trkpt>
      <trkpt lat="31.02172899059951305389404296875" lon="121.42317990772426128387451171875">
        <ele>8.19999980926513671875</ele>
        <time>2026-08-05T10:33:41.000Z</time>
        <extensions>
          <ns3:TrackPointExtension>
            <ns3:atemp>31.0</ns3:atemp>
            <ns3:hr>160</ns3:hr>
            <ns3:cad>93</ns3:cad>
          </ns3:TrackPointExtension>
        </extensions>
      </trkpt>
      <trkpt lat="31.02172144688665866851806640625" lon="121.42317169345915317535400390625">
        <ele>8.19999980926513671875</ele>
        <time>2026-08-05T10:33:42.000Z</time>
        <extensions>
          <ns3:TrackPointExtension>
            <ns3:atemp>32.0</ns3:atemp>
            <ns3:hr>160</ns3:hr>
            <ns3:cad>93</ns3:cad>
          </ns3:TrackPointExtension>
        </extensions>
      </trkpt>
      <trkpt lat="31.021677441895008087158203125" lon="121.42312978394329547882080078125">
        <ele>8.19999980926513671875</ele>
        <time>2026-08-05T10:33:43.000Z</time>
        <extensions>
          <ns3:TrackPointExtension>
            <ns3:atemp>31.0</ns3:atemp>
            <ns3:hr>160</ns3:hr>
            <ns3:cad>93</ns3:cad>
          </ns3:TrackPointExtension>
        </extensions>
      </trkpt>
      <trkpt lat="31.02167065255343914031982421875" lon="121.42312425188720226287841796875">
        <ele>8.19999980926513671875</ele>
        <time>2026-08-05T10:33:44.000Z</time>
        <extensions>
          <ns3:TrackPointExtension>
            <ns3:atemp>32.0</ns3:atemp>
            <ns3:hr>160</ns3:hr>
            <ns3:cad>92</ns3:cad>
          </ns3:TrackPointExtension>
        </extensions>
      </trkpt>
      <trkpt lat="31.02162555791437625885009765625" lon="121.423094831407070159912109375">
        <ele>8.19999980926513671875</ele>
        <time>2026-08-05T10:33:45.000Z</time>
        <extensions>
          <ns3:TrackPointExtension>
            <ns3:atemp>32.0</ns3:atemp>
            <ns3:hr>160</ns3:hr>
            <ns3:cad>92</ns3:cad>
          </ns3:TrackPointExtension>
        </extensions>
      </trkpt>
      <trkpt lat="31.02161097340285778045654296875" lon="121.4230879582464694976806640625">
        <ele>8.19999980926513671875</ele>
        <time>2026-08-05T10:33:46.000Z</time>
        <extensions>
          <ns3:TrackPointExtension>
            <ns3:atemp>31.0</ns3:atemp>
            <ns3:hr>160</ns3:hr>
            <ns3:cad>93</ns3:cad>
          </ns3:TrackPointExtension>
        </extensions>
      </trkpt>
      <trkpt lat="31.021566130220890045166015625" lon="121.42307102680206298828125">
        <ele>8.19999980926513671875</ele>
        <time>2026-08-05T10:33:47.000Z</time>
        <extensions>
          <ns3:TrackPointExtension>
            <ns3:atemp>31.0</ns3:atemp>
            <ns3:hr>160</ns3:hr>
            <ns3:cad>93</ns3:cad>
          </ns3:TrackPointExtension>
        </extensions>
      </trkpt>
      <trkpt lat="31.02155196480453014373779296875" lon="121.42306725494563579559326171875">
        <ele>8.19999980926513671875</ele>
        <time>2026-08-05T10:33:48.000Z</time>
        <extensions>
          <ns3:TrackPointExtension>
            <ns3:atemp>31.0</ns3:atemp>
            <ns3:hr>160</ns3:hr>
            <ns3:cad>93</ns3:cad>
          </ns3:TrackPointExtension>
        </extensions>
      </trkpt>
      <trkpt lat="31.02151089347898960113525390625" lon="121.42306038178503513336181640625">
        <ele>8.19999980926513671875</ele>
        <time>2026-08-05T10:33:49.000Z</time>
        <extensions>
          <ns3:TrackPointExtension>
            <ns3:atemp>31.0</ns3:atemp>
            <ns3:hr>160</ns3:hr>
            <ns3:cad>92</ns3:cad>
          </ns3:TrackPointExtension>
        </extensions>
      </trkpt>
      <trkpt lat="31.02149060927331447601318359375" lon="121.42305828630924224853515625">
        <ele>8.19999980926513671875</ele>
        <time>2026-08-05T10:33:50.000Z</time>
        <extensions>
          <ns3:TrackPointExtension>
            <ns3:atemp>31.0</ns3:atemp>
            <ns3:hr>159</ns3:hr>
            <ns3:cad>92</ns3:cad>
          </ns3:TrackPointExtension>
        </extensions>
      </trkpt>
      <trkpt lat="31.021455824375152587890625" lon="121.42305987887084484100341796875">
        <ele>8.19999980926513671875</ele>
        <time>2026-08-05T10:33:51.000Z</time>
        <extensions>
          <ns3:TrackPointExtension>
            <ns3:atemp>31.0</ns3:atemp>
            <ns3:hr>159</ns3:hr>
            <ns3:cad>93</ns3:cad>
          </ns3:TrackPointExtension>
        </extensions>
      </trkpt>
      <trkpt lat="31.02142506279051303863525390625" lon="121.4230644889175891876220703125">
        <ele>8.19999980926513671875</ele>
        <time>2026-08-05T10:33:52.000Z</time>
        <extensions>
          <ns3:TrackPointExtension>
            <ns3:atemp>31.0</ns3:atemp>
            <ns3:hr>159</ns3:hr>
            <ns3:cad>93</ns3:cad>
          </ns3:TrackPointExtension>
        </extensions>
      </trkpt>
      <trkpt lat="31.021399833261966705322265625" lon="121.42306976951658725738525390625">
        <ele>8.19999980926513671875</ele>
        <time>2026-08-05T10:33:53.000Z</time>
        <extensions>
          <ns3:TrackPointExtension>
            <ns3:atemp>31.0</ns3:atemp>
            <ns3:hr>159</ns3:hr>
            <ns3:cad>93</ns3:cad>
          </ns3:TrackPointExtension>
        </extensions>
      </trkpt>
      <trkpt lat="31.02136136032640933990478515625" lon="121.42308368347585201263427734375">
        <ele>8.19999980926513671875</ele>
        <time>2026-08-05T10:33:54.000Z</time>
        <extensions>
          <ns3:TrackPointExtension>
            <ns3:atemp>31.0</ns3:atemp>
            <ns3:hr>159</ns3:hr>
            <ns3:cad>92</ns3:cad>
          </ns3:TrackPointExtension>
        </extensions>
      </trkpt>
      <trkpt lat="31.021343506872653961181640625" lon="121.423091478645801544189453125">
        <ele>8.19999980926513671875</ele>
        <time>2026-08-05T10:33:55.000Z</time>
        <extensions>
          <ns3:TrackPointExtension>
            <ns3:atemp>32.0</ns3:atemp>
            <ns3:hr>159</ns3:hr>
            <ns3:cad>92</ns3:cad>
          </ns3:TrackPointExtension>
        </extensions>
      </trkpt>
      <trkpt lat="31.0212984122335910797119140625" lon="121.42311167903244495391845703125">
        <ele>8.19999980926513671875</ele>
        <time>2026-08-05T10:33:56.000Z</time>
        <extensions>
          <ns3:TrackPointExtension>
            <ns3:atemp>31.0</ns3:atemp>
            <ns3:hr>159</ns3:hr>
            <ns3:cad>93</ns3:cad>
          </ns3:TrackPointExtension>
        </extensions>
      </trkpt>
      <trkpt lat="31.021284498274326324462890625" lon="121.42311788164079189300537109375">
        <ele>8.19999980926513671875</ele>
        <time>2026-08-05T10:33:57.000Z</time>
        <extensions>
          <ns3:TrackPointExtension>
            <ns3:atemp>31.0</ns3:atemp>
            <ns3:hr>158</ns3:hr>
            <ns3:cad>93</ns3:cad>
          </ns3:TrackPointExtension>
        </extensions>
      </trkpt>
      <trkpt lat="31.021239571273326873779296875" lon="121.42313799820840358734130859375">
        <ele>8.19999980926513671875</ele>
        <time>2026-08-05T10:33:58.000Z</time>
        <extensions>
          <ns3:TrackPointExtension>
            <ns3:atemp>31.0</ns3:atemp>
            <ns3:hr>158</ns3:hr>
            <ns3:cad>92</ns3:cad>
          </ns3:TrackPointExtension>
        </extensions>
      </trkpt>
      <trkpt lat="31.02122657932341098785400390625" lon="121.42314386554062366485595703125">
        <ele>8.19999980926513671875</ele>
        <time>2026-08-05T10:33:59.000Z</time>
        <extensions>
          <ns3:TrackPointExtension>
            <ns3:atemp>31.0</ns3:atemp>
            <ns3:hr>158</ns3:hr>
            <ns3:cad>92</ns3:cad>
          </ns3:TrackPointExtension>
        </extensions>
      </trkpt>
      <trkpt lat="31.02118131704628467559814453125" lon="121.42316414974629878997802734375">
        <ele>8.19999980926513671875</ele>
        <time>2026-08-05T10:34:00.000Z</time>
        <extensions>
          <ns3:TrackPointExtension>
            <ns3:atemp>31.0</ns3:atemp>
            <ns3:hr>159</ns3:hr>
            <ns3:cad>92</ns3:cad>
          </ns3:TrackPointExtension>
        </extensions>
      </trkpt>
      <trkpt lat="31.0211720131337642669677734375" lon="121.42316825687885284423828125">
        <ele>8.19999980926513671875</ele>
        <time>2026-08-05T10:34:01.000Z</time>
        <extensions>
          <ns3:TrackPointExtension>
            <ns3:atemp>31.0</ns3:atemp>
            <ns3:hr>159</ns3:hr>
            <ns3:cad>93</ns3:cad>
          </ns3:TrackPointExtension>
        </extensions>
      </trkpt>
      <trkpt lat="31.02112616412341594696044921875" lon="121.42318879254162311553955078125">
        <ele>8.19999980926513671875</ele>
        <time>2026-08-05T10:34:02.000Z</time>
        <extensions>
          <ns3:TrackPointExtension>
            <ns3:atemp>31.0</ns3:atemp>
            <ns3:hr>159</ns3:hr>
            <ns3:cad>93</ns3:cad>
          </ns3:TrackPointExtension>
        </extensions>
      </trkpt>
      <trkpt lat="31.0211203806102275848388671875" lon="121.423191390931606292724609375">
        <ele>8.19999980926513671875</ele>
        <time>2026-08-05T10:34:03.000Z</time>
        <extensions>
          <ns3:TrackPointExtension>
            <ns3:atemp>32.0</ns3:atemp>
            <ns3:hr>159</ns3:hr>
            <ns3:cad>93</ns3:cad>
          </ns3:TrackPointExtension>
        </extensions>
      </trkpt>
      <trkpt lat="31.02107285521924495697021484375" lon="121.4232126809656620025634765625">
        <ele>8.19999980926513671875</ele>
        <time>2026-08-05T10:34:04.000Z</time>
        <extensions>
          <ns3:TrackPointExtension>
            <ns3:atemp>31.0</ns3:atemp>
            <ns3:hr>159</ns3:hr>
            <ns3:cad>92</ns3:cad>
          </ns3:TrackPointExtension>
        </extensions>
      </trkpt>
      <trkpt lat="31.0210647247731685638427734375" lon="121.4232163690030574798583984375">
        <ele>8.19999980926513671875</ele>
        <time>2026-08-05T10:34:05.000Z</time>
        <extensions>
          <ns3:TrackPointExtension>
            <ns3:atemp>31.0</ns3:atemp>
            <ns3:hr>159</ns3:hr>
            <ns3:cad>91</ns3:cad>
          </ns3:TrackPointExtension>
        </extensions>
      </trkpt>
      <trkpt lat="31.0210177861154079437255859375" lon="121.423237323760986328125">
        <ele>8.19999980926513671875</ele>
        <time>2026-08-05T10:34:06.000Z</time>
        <extensions>
          <ns3:TrackPointExtension>
            <ns3:atemp>31.0</ns3:atemp>
            <ns3:hr>159</ns3:hr>
            <ns3:cad>91</ns3:cad>
          </ns3:TrackPointExtension>
        </extensions>
      </trkpt>
      <trkpt lat="31.0210080631077289581298828125" lon="121.423241682350635528564453125">
        <ele>8.19999980926513671875</ele>
        <time>2026-08-05T10:34:07.000Z</time>
        <extensions>
          <ns3:TrackPointExtension>
            <ns3:atemp>31.0</ns3:atemp>
            <ns3:hr>159</ns3:hr>
            <ns3:cad>91</ns3:cad>
          </ns3:TrackPointExtension>
        </extensions>
      </trkpt>
      <trkpt lat="31.0209609568119049072265625" lon="121.4232628047466278076171875">
        <ele>8.19999980926513671875</ele>
        <time>2026-08-05T10:34:08.000Z</time>
        <extensions>
          <ns3:TrackPointExtension>
            <ns3:atemp>31.0</ns3:atemp>
            <ns3:hr>159</ns3:hr>
            <ns3:cad>91</ns3:cad>
          </ns3:TrackPointExtension>
        </extensions>
      </trkpt>
      <trkpt lat="31.02094545029103755950927734375" lon="121.42326976172626018524169921875">
        <ele>8.19999980926513671875</ele>
        <time>2026-08-05T10:34:09.000Z</time>
        <extensions>
          <ns3:TrackPointExtension>
            <ns3:atemp>32.0</ns3:atemp>
            <ns3:hr>159</ns3:hr>
            <ns3:cad>91</ns3:cad>
          </ns3:TrackPointExtension>
        </extensions>
      </trkpt>
      <trkpt lat="31.0209111683070659637451171875" lon="121.4232851006090641021728515625">
        <ele>8.19999980926513671875</ele>
        <time>2026-08-05T10:34:10.000Z</time>
        <extensions>
          <ns3:TrackPointExtension>
            <ns3:atemp>31.0</ns3:atemp>
            <ns3:hr>159</ns3:hr>
            <ns3:cad>92</ns3:cad>
          </ns3:TrackPointExtension>
        </extensions>
      </trkpt>
      <trkpt lat="31.0208826698362827301025390625" lon="121.42329792492091655731201171875">
        <ele>8.19999980926513671875</ele>
        <time>2026-08-05T10:34:11.000Z</time>
        <extensions>
          <ns3:TrackPointExtension>
            <ns3:atemp>31.0</ns3:atemp>
            <ns3:hr>160</ns3:hr>
            <ns3:cad>91</ns3:cad>
          </ns3:TrackPointExtension>
        </extensions>
      </trkpt>
      <trkpt lat="31.02086079306900501251220703125" lon="121.42330764792859554290771484375">
        <ele>8.19999980926513671875</ele>
        <time>2026-08-05T10:34:12.000Z</time>
        <extensions>
          <ns3:TrackPointExtension>
            <ns3:atemp>31.0</ns3:atemp>
            <ns3:hr>160</ns3:hr>
            <ns3:cad>91</ns3:cad>
          </ns3:TrackPointExtension>
        </extensions>
      </trkpt>
      <trkpt lat="31.02082307450473308563232421875" lon="121.42332457937300205230712890625">
        <ele>8.19999980926513671875</ele>
        <time>2026-08-05T10:34:13.000Z</time>
        <extensions>
          <ns3:TrackPointExtension>
            <ns3:atemp>31.0</ns3:atemp>
            <ns3:hr>161</ns3:hr>
            <ns3:cad>91</ns3:cad>
          </ns3:TrackPointExtension>
        </extensions>
      </trkpt>
      <trkpt lat="31.02080463431775569915771484375" lon="121.423332877457141876220703125">
        <ele>8.19999980926513671875</ele>
        <time>2026-08-05T10:34:14.000Z</time>
        <extensions>
          <ns3:TrackPointExtension>
            <ns3:atemp>31.0</ns3:atemp>
            <ns3:hr>161</ns3:hr>
            <ns3:cad>92</ns3:cad>
          </ns3:TrackPointExtension>
        </extensions>
      </trkpt>
      <trkpt lat="31.0207606293261051177978515625" lon="121.42335257492959499359130859375">
        <ele>8.19999980926513671875</ele>
        <time>2026-08-05T10:34:15.000Z</time>
        <extensions>
          <ns3:TrackPointExtension>
            <ns3:atemp>31.0</ns3:atemp>
            <ns3:hr>161</ns3:hr>
            <ns3:cad>92</ns3:cad>
          </ns3:TrackPointExtension>
        </extensions>
      </trkpt>
      <trkpt lat="31.02074545808136463165283203125" lon="121.4233593642711639404296875">
        <ele>8.19999980926513671875</ele>
        <time>2026-08-05T10:34:16.000Z</time>
        <extensions>
          <ns3:TrackPointExtension>
            <ns3:atemp>31.0</ns3:atemp>
            <ns3:hr>160</ns3:hr>
            <ns3:cad>92</ns3:cad>
          </ns3:TrackPointExtension>
        </extensions>
      </trkpt>
      <trkpt lat="31.0207021236419677734375" lon="121.42337872646749019622802734375">
        <ele>8.19999980926513671875</ele>
        <time>2026-08-05T10:34:17.000Z</time>
        <extensions>
          <ns3:TrackPointExtension>
            <ns3:atemp>31.0</ns3:atemp>
            <ns3:hr>160</ns3:hr>
            <ns3:cad>93</ns3:cad>
          </ns3:TrackPointExtension>
        </extensions>
      </trkpt>
      <trkpt lat="31.020695753395557403564453125" lon="121.42338157631456851959228515625">
        <ele>8.19999980926513671875</ele>
        <time>2026-08-05T10:34:18.000Z</time>
        <extensions>
          <ns3:TrackPointExtension>
            <ns3:atemp>31.0</ns3:atemp>
            <ns3:hr>160</ns3:hr>
            <ns3:cad>93</ns3:cad>
          </ns3:TrackPointExtension>
        </extensions>
      </trkpt>
      <trkpt lat="31.02065183222293853759765625" lon="121.423405297100543975830078125">
        <ele>8.19999980926513671875</ele>
        <time>2026-08-05T10:34:19.000Z</time>
        <extensions>
          <ns3:TrackPointExtension>
            <ns3:atemp>31.0</ns3:atemp>
            <ns3:hr>160</ns3:hr>
            <ns3:cad>93</ns3:cad>
          </ns3:TrackPointExtension>
        </extensions>
      </trkpt>
      <trkpt lat="31.02064453996717929840087890625" lon="121.423410661518573760986328125">
        <ele>8.19999980926513671875</ele>
        <time>2026-08-05T10:34:20.000Z</time>
        <extensions>
          <ns3:TrackPointExtension>
            <ns3:atemp>31.0</ns3:atemp>
            <ns3:hr>160</ns3:hr>
            <ns3:cad>92</ns3:cad>
          </ns3:TrackPointExtension>
        </extensions>
      </trkpt>
      <trkpt lat="31.02060195989906787872314453125" lon="121.4234450273215770721435546875">
        <ele>8.19999980926513671875</ele>
        <time>2026-08-05T10:34:21.000Z</time>
        <extensions>
          <ns3:TrackPointExtension>
            <ns3:atemp>31.0</ns3:atemp>
            <ns3:hr>161</ns3:hr>
            <ns3:cad>92</ns3:cad>
          </ns3:TrackPointExtension>
        </extensions>
      </trkpt>
      <trkpt lat="31.02058854885399341583251953125" lon="121.4234581030905246734619140625">
        <ele>8.19999980926513671875</ele>
        <time>2026-08-05T10:34:22.000Z</time>
        <extensions>
          <ns3:TrackPointExtension>
            <ns3:atemp>31.0</ns3:atemp>
            <ns3:hr>160</ns3:hr>
            <ns3:cad>92</ns3:cad>
          </ns3:TrackPointExtension>
        </extensions>
      </trkpt>
      <trkpt lat="31.0205613076686859130859375" lon="121.4234899543225765228271484375">
        <ele>8.19999980926513671875</ele>
        <time>2026-08-05T10:34:23.000Z</time>
        <extensions>
          <ns3:TrackPointExtension>
            <ns3:atemp>31.0</ns3:atemp>
            <ns3:hr>160</ns3:hr>
            <ns3:cad>93</ns3:cad>
          </ns3:TrackPointExtension>
        </extensions>
      </trkpt>
      <trkpt lat="31.02053976617753505706787109375" lon="121.42352096736431121826171875">
        <ele>8.19999980926513671875</ele>
        <time>2026-08-05T10:34:24.000Z</time>
        <extensions>
          <ns3:TrackPointExtension>
            <ns3:atemp>31.0</ns3:atemp>
            <ns3:hr>161</ns3:hr>
            <ns3:cad>93</ns3:cad>
          </ns3:TrackPointExtension>
        </extensions>
      </trkpt>
      <trkpt lat="31.0205245949327945709228515625" lon="121.4235459454357624053955078125">
        <ele>8.19999980926513671875</ele>
        <time>2026-08-05T10:34:25.000Z</time>
        <extensions>
          <ns3:TrackPointExtension>
            <ns3:atemp>31.0</ns3:atemp>
            <ns3:hr>160</ns3:hr>
            <ns3:cad>91</ns3:cad>
          </ns3:TrackPointExtension>
        </extensions>
      </trkpt>
      <trkpt lat="31.02050489746034145355224609375" lon="121.42358894459903240203857421875">
        <ele>8.19999980926513671875</ele>
        <time>2026-08-05T10:34:26.000Z</time>
        <extensions>
          <ns3:TrackPointExtension>
            <ns3:atemp>31.0</ns3:atemp>
            <ns3:hr>160</ns3:hr>
            <ns3:cad>91</ns3:cad>
          </ns3:TrackPointExtension>
        </extensions>
      </trkpt>
      <trkpt lat="31.02049886249005794525146484375" lon="121.42360545694828033447265625">
        <ele>8.19999980926513671875</ele>
        <time>2026-08-05T10:34:27.000Z</time>
        <extensions>
          <ns3:TrackPointExtension>
            <ns3:atemp>31.0</ns3:atemp>
            <ns3:hr>161</ns3:hr>
            <ns3:cad>92</ns3:cad>
          </ns3:TrackPointExtension>
        </extensions>
      </trkpt>
      <trkpt lat="31.0204833559691905975341796875" lon="121.42366102896630764007568359375">
        <ele>8.19999980926513671875</ele>
        <time>2026-08-05T10:34:28.000Z</time>
        <extensions>
          <ns3:TrackPointExtension>
            <ns3:atemp>31.0</ns3:atemp>
            <ns3:hr>161</ns3:hr>
            <ns3:cad>93</ns3:cad>
          </ns3:TrackPointExtension>
        </extensions>
      </trkpt>
      <trkpt lat="31.02048159576952457427978515625" lon="121.42367041669785976409912109375">
        <ele>8.19999980926513671875</ele>
        <time>2026-08-05T10:34:29.000Z</time>
        <extensions>
          <ns3:TrackPointExtension>
            <ns3:atemp>31.0</ns3:atemp>
            <ns3:hr>161</ns3:hr>
            <ns3:cad>93</ns3:cad>
          </ns3:TrackPointExtension>
        </extensions>
      </trkpt>
      <trkpt lat="31.020474135875701904296875" lon="121.42372758127748966217041015625">
        <ele>8.19999980926513671875</ele>
        <time>2026-08-05T10:34:30.000Z</time>
        <extensions>
          <ns3:TrackPointExtension>
            <ns3:atemp>31.0</ns3:atemp>
            <ns3:hr>161</ns3:hr>
            <ns3:cad>93</ns3:cad>
          </ns3:TrackPointExtension>
        </extensions>
      </trkpt>
      <trkpt lat="31.0204726271331310272216796875" lon="121.42375071533024311065673828125">
        <ele>8.19999980926513671875</ele>
        <time>2026-08-05T10:34:31.000Z</time>
        <extensions>
          <ns3:TrackPointExtension>
            <ns3:atemp>31.0</ns3:atemp>
            <ns3:hr>161</ns3:hr>
            <ns3:cad>93</ns3:cad>
          </ns3:TrackPointExtension>
        </extensions>
      </trkpt>
      <trkpt lat="31.0204739682376384735107421875" lon="121.423790864646434783935546875">
        <ele>8.19999980926513671875</ele>
        <time>2026-08-05T10:34:32.000Z</time>
        <extensions>
          <ns3:TrackPointExtension>
            <ns3:atemp>31.0</ns3:atemp>
            <ns3:hr>161</ns3:hr>
            <ns3:cad>93</ns3:cad>
          </ns3:TrackPointExtension>
        </extensions>
      </trkpt>
      <trkpt lat="31.02047975175082683563232421875" lon="121.42383755184710025787353515625">
        <ele>8.19999980926513671875</ele>
        <time>2026-08-05T10:34:33.000Z</time>
        <extensions>
          <ns3:TrackPointExtension>
            <ns3:atemp>31.0</ns3:atemp>
            <ns3:hr>161</ns3:hr>
            <ns3:cad>94</ns3:cad>
          </ns3:TrackPointExtension>
        </extensions>
      </trkpt>
      <trkpt lat="31.020483858883380889892578125" lon="121.4238597638905048370361328125">
        <ele>8.19999980926513671875</ele>
        <time>2026-08-05T10:34:34.000Z</time>
        <extensions>
          <ns3:TrackPointExtension>
            <ns3:atemp>31.0</ns3:atemp>
            <ns3:hr>161</ns3:hr>
            <ns3:cad>94</ns3:cad>
          </ns3:TrackPointExtension>
        </extensions>
      </trkpt>
      <trkpt lat="31.02050288580358028411865234375" lon="121.42392220906913280487060546875">
        <ele>8.19999980926513671875</ele>
        <time>2026-08-05T10:34:35.000Z</time>
        <extensions>
          <ns3:TrackPointExtension>
            <ns3:atemp>31.0</ns3:atemp>
            <ns3:hr>161</ns3:hr>
            <ns3:cad>94</ns3:cad>
          </ns3:TrackPointExtension>
        </extensions>
      </trkpt>
      <trkpt lat="31.0205058194696903228759765625" lon="121.42392958514392375946044921875">
        <ele>8.19999980926513671875</ele>
        <time>2026-08-05T10:34:36.000Z</time>
        <extensions>
          <ns3:TrackPointExtension>
            <ns3:atemp>31.0</ns3:atemp>
            <ns3:hr>162</ns3:hr>
            <ns3:cad>93</ns3:cad>
          </ns3:TrackPointExtension>
        </extensions>
      </trkpt>
      <trkpt lat="31.0205313004553318023681640625" lon="121.4239824749529361724853515625">
        <ele>8.19999980926513671875</ele>
        <time>2026-08-05T10:34:37.000Z</time>
        <extensions>
          <ns3:TrackPointExtension>
            <ns3:atemp>31.0</ns3:atemp>
            <ns3:hr>162</ns3:hr>
            <ns3:cad>93</ns3:cad>
          </ns3:TrackPointExtension>
        </extensions>
      </trkpt>
      <trkpt lat="31.0205346532166004180908203125" lon="121.423988677561283111572265625">
        <ele>8.19999980926513671875</ele>
        <time>2026-08-05T10:34:38.000Z</time>
        <extensions>
          <ns3:TrackPointExtension>
            <ns3:atemp>31.0</ns3:atemp>
            <ns3:hr>163</ns3:hr>
            <ns3:cad>94</ns3:cad>
          </ns3:TrackPointExtension>
        </extensions>
      </trkpt>
      <trkpt lat="31.0205639898777008056640625" lon="121.42403150908648967742919921875">
        <ele>8.19999980926513671875</ele>
        <time>2026-08-05T10:34:39.000Z</time>
        <extensions>
          <ns3:TrackPointExtension>
            <ns3:atemp>31.0</ns3:atemp>
            <ns3:hr>163</ns3:hr>
            <ns3:cad>94</ns3:cad>
          </ns3:TrackPointExtension>
        </extensions>
      </trkpt>
      <trkpt lat="31.02057664655148983001708984375" lon="121.42404626123607158660888671875">
        <ele>8.19999980926513671875</ele>
        <time>2026-08-05T10:34:40.000Z</time>
        <extensions>
          <ns3:TrackPointExtension>
            <ns3:atemp>31.0</ns3:atemp>
            <ns3:hr>163</ns3:hr>
            <ns3:cad>93</ns3:cad>
          </ns3:TrackPointExtension>
        </extensions>
      </trkpt>
      <trkpt lat="31.0206053964793682098388671875" lon="121.4240760169923305511474609375">
        <ele>8.19999980926513671875</ele>
        <time>2026-08-05T10:34:41.000Z</time>
        <extensions>
          <ns3:TrackPointExtension>
            <ns3:atemp>31.0</ns3:atemp>
            <ns3:hr>162</ns3:hr>
            <ns3:cad>93</ns3:cad>
          </ns3:TrackPointExtension>
        </extensions>
      </trkpt>
      <trkpt lat="31.0206338949501514434814453125" lon="121.4240994863212108612060546875">
        <ele>8.19999980926513671875</ele>
        <time>2026-08-05T10:34:42.000Z</time>
        <extensions>
          <ns3:TrackPointExtension>
            <ns3:atemp>31.0</ns3:atemp>
            <ns3:hr>162</ns3:hr>
            <ns3:cad>93</ns3:cad>
          </ns3:TrackPointExtension>
        </extensions>
      </trkpt>
      <trkpt lat="31.02065610699355602264404296875" lon="121.4241139031946659088134765625">
        <ele>8.19999980926513671875</ele>
        <time>2026-08-05T10:34:43.000Z</time>
        <extensions>
          <ns3:TrackPointExtension>
            <ns3:atemp>31.0</ns3:atemp>
            <ns3:hr>162</ns3:hr>
            <ns3:cad>93</ns3:cad>
          </ns3:TrackPointExtension>
        </extensions>
      </trkpt>
      <trkpt lat="31.0206972621381282806396484375" lon="121.424135528504848480224609375">
        <ele>8.19999980926513671875</ele>
        <time>2026-08-05T10:34:44.000Z</time>
        <extensions>
          <ns3:TrackPointExtension>
            <ns3:atemp>31.0</ns3:atemp>
            <ns3:hr>162</ns3:hr>
            <ns3:cad>93</ns3:cad>
          </ns3:TrackPointExtension>
        </extensions>
      </trkpt>
      <trkpt lat="31.020715869963169097900390625" lon="121.42414349131286144256591796875">
        <ele>8.19999980926513671875</ele>
        <time>2026-08-05T10:34:45.000Z</time>
        <extensions>
          <ns3:TrackPointExtension>
            <ns3:atemp>31.0</ns3:atemp>
            <ns3:hr>162</ns3:hr>
            <ns3:cad>93</ns3:cad>
          </ns3:TrackPointExtension>
        </extensions>
      </trkpt>
      <trkpt lat="31.020758450031280517578125" lon="121.42415539361536502838134765625">
        <ele>8.19999980926513671875</ele>
        <time>2026-08-05T10:34:46.000Z</time>
        <extensions>
          <ns3:TrackPointExtension>
            <ns3:atemp>31.0</ns3:atemp>
            <ns3:hr>162</ns3:hr>
            <ns3:cad>92</ns3:cad>
          </ns3:TrackPointExtension>
        </extensions>
      </trkpt>
      <trkpt lat="31.020772196352481842041015625" lon="121.42415774054825305938720703125">
        <ele>8.19999980926513671875</ele>
        <time>2026-08-05T10:34:47.000Z</time>
        <extensions>
          <ns3:TrackPointExtension>
            <ns3:atemp>31.0</ns3:atemp>
            <ns3:hr>162</ns3:hr>
            <ns3:cad>92</ns3:cad>
          </ns3:TrackPointExtension>
        </extensions>
      </trkpt>
      <trkpt lat="31.02082223631441593170166015625" lon="121.424161009490489959716796875">
        <ele>8.19999980926513671875</ele>
        <time>2026-08-05T10:34:48.000Z</time>
        <extensions>
          <ns3:TrackPointExtension>
            <ns3:atemp>31.0</ns3:atemp>
            <ns3:hr>162</ns3:hr>
            <ns3:cad>92</ns3:cad>
          </ns3:TrackPointExtension>
        </extensions>
      </trkpt>
      <trkpt lat="31.020835228264331817626953125" lon="121.42416042275726795196533203125">
        <ele>8.19999980926513671875</ele>
        <time>2026-08-05T10:34:49.000Z</time>
        <extensions>
          <ns3:TrackPointExtension>
            <ns3:atemp>31.0</ns3:atemp>
            <ns3:hr>162</ns3:hr>
            <ns3:cad>95</ns3:cad>
          </ns3:TrackPointExtension>
        </extensions>
      </trkpt>
      <trkpt lat="31.020882837474346160888671875" lon="121.4241538010537624359130859375">
        <ele>8.19999980926513671875</ele>
        <time>2026-08-05T10:34:50.000Z</time>
        <extensions>
          <ns3:TrackPointExtension>
            <ns3:atemp>31.0</ns3:atemp>
            <ns3:hr>163</ns3:hr>
            <ns3:cad>95</ns3:cad>
          </ns3:TrackPointExtension>
        </extensions>
      </trkpt>
      <trkpt lat="31.02090219967067241668701171875" lon="121.4241492748260498046875">
        <ele>8.19999980926513671875</ele>
        <time>2026-08-05T10:34:51.000Z</time>
        <extensions>
          <ns3:TrackPointExtension>
            <ns3:atemp>31.0</ns3:atemp>
            <ns3:hr>162</ns3:hr>
            <ns3:cad>92</ns3:cad>
          </ns3:TrackPointExtension>
        </extensions>
      </trkpt>
      <trkpt lat="31.02093187160789966583251953125" lon="121.424138545989990234375">
        <ele>8.19999980926513671875</ele>
        <time>2026-08-05T10:34:52.000Z</time>
        <extensions>
          <ns3:TrackPointExtension>
            <ns3:atemp>31.0</ns3:atemp>
            <ns3:hr>162</ns3:hr>
            <ns3:cad>92</ns3:cad>
          </ns3:TrackPointExtension>
        </extensions>
      </trkpt>
      <trkpt lat="31.02096154354512691497802734375" lon="121.424126140773296356201171875">
        <ele>8.19999980926513671875</ele>
        <time>2026-08-05T10:34:53.000Z</time>
        <extensions>
          <ns3:TrackPointExtension>
            <ns3:atemp>31.0</ns3:atemp>
            <ns3:hr>162</ns3:hr>
            <ns3:cad>92</ns3:cad>
          </ns3:TrackPointExtension>
        </extensions>
      </trkpt>
      <trkpt lat="31.02098870091140270233154296875" lon="121.4241139031946659088134765625">
        <ele>8.19999980926513671875</ele>
        <time>2026-08-05T10:34:54.000Z</time>
        <extensions>
          <ns3:TrackPointExtension>
            <ns3:atemp>31.0</ns3:atemp>
            <ns3:hr>162</ns3:hr>
            <ns3:cad>93</ns3:cad>
          </ns3:TrackPointExtension>
        </extensions>
      </trkpt>
      <trkpt lat="31.02102608419954776763916015625" lon="121.42409722320735454559326171875">
        <ele>8.19999980926513671875</ele>
        <time>2026-08-05T10:34:55.000Z</time>
        <extensions>
          <ns3:TrackPointExtension>
            <ns3:atemp>31.0</ns3:atemp>
            <ns3:hr>163</ns3:hr>
            <ns3:cad>93</ns3:cad>
          </ns3:TrackPointExtension>
        </extensions>
      </trkpt>
      <trkpt lat="31.0210439376533031463623046875" lon="121.42408917658030986785888671875">
        <ele>8.19999980926513671875</ele>
        <time>2026-08-05T10:34:56.000Z</time>
        <extensions>
          <ns3:TrackPointExtension>
            <ns3:atemp>31.0</ns3:atemp>
            <ns3:hr>162</ns3:hr>
            <ns3:cad>93</ns3:cad>
          </ns3:TrackPointExtension>
        </extensions>
      </trkpt>
      <trkpt lat="31.0210932232439517974853515625" lon="121.424067132174968719482421875">
        <ele>8.19999980926513671875</ele>
        <time>2026-08-05T10:34:57.000Z</time>
        <extensions>
          <ns3:TrackPointExtension>
            <ns3:atemp>31.0</ns3:atemp>
            <ns3:hr>162</ns3:hr>
            <ns3:cad>93</ns3:cad>
          </ns3:TrackPointExtension>
        </extensions>
      </trkpt>
      <trkpt lat="31.02109967730939388275146484375" lon="121.42406419850885868072509765625">
        <ele>8.19999980926513671875</ele>
        <time>2026-08-05T10:34:58.000Z</time>
        <extensions>
          <ns3:TrackPointExtension>
            <ns3:atemp>31.0</ns3:atemp>
            <ns3:hr>162</ns3:hr>
            <ns3:cad>93</ns3:cad>
          </ns3:TrackPointExtension>
        </extensions>
      </trkpt>
      <trkpt lat="31.02115231566131114959716796875" lon="121.4240406453609466552734375">
        <ele>8.19999980926513671875</ele>
        <time>2026-08-05T10:34:59.000Z</time>
        <extensions>
          <ns3:TrackPointExtension>
            <ns3:atemp>31.0</ns3:atemp>
            <ns3:hr>162</ns3:hr>
            <ns3:cad>93</ns3:cad>
          </ns3:TrackPointExtension>
        </extensions>
      </trkpt>
      <trkpt lat="31.02116069756448268890380859375" lon="121.42403687350451946258544921875">
        <ele>8.19999980926513671875</ele>
        <time>2026-08-05T10:35:00.000Z</time>
        <extensions>
          <ns3:TrackPointExtension>
            <ns3:atemp>31.0</ns3:atemp>
            <ns3:hr>162</ns3:hr>
            <ns3:cad>93</ns3:cad>
          </ns3:TrackPointExtension>
        </extensions>
      </trkpt>
      <trkpt lat="31.02120780386030673980712890625" lon="121.42401575110852718353271484375">
        <ele>8.19999980926513671875</ele>
        <time>2026-08-05T10:35:01.000Z</time>
        <extensions>
          <ns3:TrackPointExtension>
            <ns3:atemp>31.0</ns3:atemp>
            <ns3:hr>162</ns3:hr>
            <ns3:cad>92</ns3:cad>
          </ns3:TrackPointExtension>
        </extensions>
      </trkpt>
      <trkpt lat="31.02121937088668346405029296875" lon="121.4240106381475925445556640625">
        <ele>8.19999980926513671875</ele>
        <time>2026-08-05T10:35:02.000Z</time>
        <extensions>
          <ns3:TrackPointExtension>
            <ns3:atemp>31.0</ns3:atemp>
            <ns3:hr>161</ns3:hr>
            <ns3:cad>92</ns3:cad>
          </ns3:TrackPointExtension>
        </extensions>
      </trkpt>
      <trkpt lat="31.02126547135412693023681640625" lon="121.42398993484675884246826171875">
        <ele>8.19999980926513671875</ele>
        <time>2026-08-05T10:35:03.000Z</time>
        <extensions>
          <ns3:TrackPointExtension>
            <ns3:atemp>31.0</ns3:atemp>
            <ns3:hr>161</ns3:hr>
            <ns3:cad>92</ns3:cad>
          </ns3:TrackPointExtension>
        </extensions>
      </trkpt>
      <trkpt lat="31.02127703838050365447998046875" lon="121.4239848218858242034912109375">
        <ele>8.19999980926513671875</ele>
        <time>2026-08-05T10:35:04.000Z</time>
        <extensions>
          <ns3:TrackPointExtension>
            <ns3:atemp>31.0</ns3:atemp>
            <ns3:hr>161</ns3:hr>
            <ns3:cad>92</ns3:cad>
          </ns3:TrackPointExtension>
        </extensions>
      </trkpt>
      <trkpt lat="31.02131475694477558135986328125" lon="121.423967890441417694091796875">
        <ele>8.19999980926513671875</ele>
        <time>2026-08-05T10:35:05.000Z</time>
        <extensions>
          <ns3:TrackPointExtension>
            <ns3:atemp>31.0</ns3:atemp>
            <ns3:hr>161</ns3:hr>
            <ns3:cad>93</ns3:cad>
          </ns3:TrackPointExtension>
        </extensions>
      </trkpt>
      <trkpt lat="31.0213332809507846832275390625" lon="121.42395959235727787017822265625">
        <ele>8.19999980926513671875</ele>
        <time>2026-08-05T10:35:06.000Z</time>
        <extensions>
          <ns3:TrackPointExtension>
            <ns3:atemp>31.0</ns3:atemp>
            <ns3:hr>161</ns3:hr>
            <ns3:cad>93</ns3:cad>
          </ns3:TrackPointExtension>
        </extensions>
      </trkpt>
      <trkpt lat="31.0213641263544559478759765625" lon="121.423945762217044830322265625">
        <ele>8.19999980926513671875</ele>
        <time>2026-08-05T10:35:07.000Z</time>
        <extensions>
          <ns3:TrackPointExtension>
            <ns3:atemp>31.0</ns3:atemp>
            <ns3:hr>161</ns3:hr>
            <ns3:cad>92</ns3:cad>
          </ns3:TrackPointExtension>
        </extensions>
      </trkpt>
      <trkpt lat="31.021398492157459259033203125" lon="121.42393042333424091339111328125">
        <ele>8.19999980926513671875</ele>
        <time>2026-08-05T10:35:08.000Z</time>
        <extensions>
          <ns3:TrackPointExtension>
            <ns3:atemp>31.0</ns3:atemp>
            <ns3:hr>160</ns3:hr>
            <ns3:cad>92</ns3:cad>
          </ns3:TrackPointExtension>
        </extensions>
      </trkpt>
      <trkpt lat="31.02141835726797580718994140625" lon="121.4239214546978473663330078125">
        <ele>8.19999980926513671875</ele>
        <time>2026-08-05T10:35:09.000Z</time>
        <extensions>
          <ns3:TrackPointExtension>
            <ns3:atemp>31.0</ns3:atemp>
            <ns3:hr>161</ns3:hr>
            <ns3:cad>93</ns3:cad>
          </ns3:TrackPointExtension>
        </extensions>
      </trkpt>
      <trkpt lat="31.02145724929869174957275390625" lon="121.42390410415828227996826171875">
        <ele>8.19999980926513671875</ele>
        <time>2026-08-05T10:35:10.000Z</time>
        <extensions>
          <ns3:TrackPointExtension>
            <ns3:atemp>31.0</ns3:atemp>
            <ns3:hr>161</ns3:hr>
            <ns3:cad>93</ns3:cad>
          </ns3:TrackPointExtension>
        </extensions>
      </trkpt>
      <trkpt lat="31.0214732587337493896484375" lon="121.42389689572155475616455078125">
        <ele>8.19999980926513671875</ele>
        <time>2026-08-05T10:35:11.000Z</time>
        <extensions>
          <ns3:TrackPointExtension>
            <ns3:atemp>31.0</ns3:atemp>
            <ns3:hr>160</ns3:hr>
            <ns3:cad>93</ns3:cad>
          </ns3:TrackPointExtension>
        </extensions>
      </trkpt>
      <trkpt lat="31.02152279578149318695068359375" lon="121.423874683678150177001953125">
        <ele>8.19999980926513671875</ele>
        <time>2026-08-05T10:35:12.000Z</time>
        <extensions>
          <ns3:TrackPointExtension>
            <ns3:atemp>31.0</ns3:atemp>
            <ns3:hr>160</ns3:hr>
            <ns3:cad>92</ns3:cad>
          </ns3:TrackPointExtension>
        </extensions>
      </trkpt>
      <trkpt lat="31.0215324349701404571533203125" lon="121.42387040890753269195556640625">
        <ele>8.19999980926513671875</ele>
        <time>2026-08-05T10:35:13.000Z</time>
        <extensions>
          <ns3:TrackPointExtension>
            <ns3:atemp>31.0</ns3:atemp>
            <ns3:hr>160</ns3:hr>
            <ns3:cad>92</ns3:cad>
          </ns3:TrackPointExtension>
        </extensions>
      </trkpt>
      <trkpt lat="31.021579205989837646484375" lon="121.42384945414960384368896484375">
        <ele>8.19999980926513671875</ele>
        <time>2026-08-05T10:35:14.000Z</time>
        <extensions>
          <ns3:TrackPointExtension>
            <ns3:atemp>31.0</ns3:atemp>
            <ns3:hr>161</ns3:hr>
            <ns3:cad>92</ns3:cad>
          </ns3:TrackPointExtension>
        </extensions>
      </trkpt>
      <trkpt lat="31.0215917788445949554443359375" lon="121.42384375445544719696044921875">
        <ele>8.19999980926513671875</ele>
        <time>2026-08-05T10:35:15.000Z</time>
        <extensions>
          <ns3:TrackPointExtension>
            <ns3:atemp>31.0</ns3:atemp>
            <ns3:hr>160</ns3:hr>
            <ns3:cad>94</ns3:cad>
          </ns3:TrackPointExtension>
        </extensions>
      </trkpt>
      <trkpt lat="31.02162907831370830535888671875" lon="121.42382497899234294891357421875">
        <ele>8.19999980926513671875</ele>
        <time>2026-08-05T10:35:16.000Z</time>
        <extensions>
          <ns3:TrackPointExtension>
            <ns3:atemp>31.0</ns3:atemp>
            <ns3:hr>160</ns3:hr>
            <ns3:cad>94</ns3:cad>
          </ns3:TrackPointExtension>
        </extensions>
      </trkpt>
      <trkpt lat="31.02164785377681255340576171875" lon="121.42381475307047367095947265625">
        <ele>8.19999980926513671875</ele>
        <time>2026-08-05T10:35:17.000Z</time>
        <extensions>
          <ns3:TrackPointExtension>
            <ns3:atemp>31.0</ns3:atemp>
            <ns3:hr>160</ns3:hr>
            <ns3:cad>92</ns3:cad>
          </ns3:TrackPointExtension>
        </extensions>
      </trkpt>
      <trkpt lat="31.0216856561601161956787109375" lon="121.42378675751388072967529296875">
        <ele>8.19999980926513671875</ele>
        <time>2026-08-05T10:35:18.000Z</time>
        <extensions>
          <ns3:TrackPointExtension>
            <ns3:atemp>31.0</ns3:atemp>
            <ns3:hr>160</ns3:hr>
            <ns3:cad>92</ns3:cad>
          </ns3:TrackPointExtension>
        </extensions>
      </trkpt>
      <trkpt lat="31.02170552127063274383544921875" lon="121.42376747913658618927001953125">
        <ele>8.19999980926513671875</ele>
        <time>2026-08-05T10:35:19.000Z</time>
        <extensions>
          <ns3:TrackPointExtension>
            <ns3:atemp>31.0</ns3:atemp>
            <ns3:hr>160</ns3:hr>
            <ns3:cad>92</ns3:cad>
          </ns3:TrackPointExtension>
        </extensions>
      </trkpt>
      <trkpt lat="31.0217211954295635223388671875" lon="121.4237518049776554107666015625">
        <ele>8.19999980926513671875</ele>
        <time>2026-08-05T10:35:20.000Z</time>
        <extensions>
          <ns3:TrackPointExtension>
            <ns3:atemp>31.0</ns3:atemp>
            <ns3:hr>160</ns3:hr>
            <ns3:cad>93</ns3:cad>
          </ns3:TrackPointExtension>
        </extensions>
      </trkpt>
      <trkpt lat="31.02175313048064708709716796875" lon="121.4237105660140514373779296875">
        <ele>8.19999980926513671875</ele>
        <time>2026-08-05T10:35:21.000Z</time>
        <extensions>
          <ns3:TrackPointExtension>
            <ns3:atemp>31.0</ns3:atemp>
            <ns3:hr>160</ns3:hr>
            <ns3:cad>93</ns3:cad>
          </ns3:TrackPointExtension>
        </extensions>
      </trkpt>
      <trkpt lat="31.02175748907029628753662109375" lon="121.4237031899392604827880859375">
        <ele>8.19999980926513671875</ele>
        <time>2026-08-05T10:35:22.000Z</time>
        <extensions>
          <ns3:TrackPointExtension>
            <ns3:atemp>31.0</ns3:atemp>
            <ns3:hr>160</ns3:hr>
            <ns3:cad>92</ns3:cad>
          </ns3:TrackPointExtension>
        </extensions>
      </trkpt>
      <trkpt lat="31.0217875801026821136474609375" lon="121.423647366464138031005859375">
        <ele>8.19999980926513671875</ele>
        <time>2026-08-05T10:35:23.000Z</time>
        <extensions>
          <ns3:TrackPointExtension>
            <ns3:atemp>31.0</ns3:atemp>
            <ns3:hr>160</ns3:hr>
            <ns3:cad>92</ns3:cad>
          </ns3:TrackPointExtension>
        </extensions>
      </trkpt>
      <trkpt lat="31.02179311215877532958984375" lon="121.42363504506647586822509765625">
        <ele>8.19999980926513671875</ele>
        <time>2026-08-05T10:35:24.000Z</time>
        <extensions>
          <ns3:TrackPointExtension>
            <ns3:atemp>31.0</ns3:atemp>
            <ns3:hr>160</ns3:hr>
            <ns3:cad>92</ns3:cad>
          </ns3:TrackPointExtension>
        </extensions>
      </trkpt>
      <trkpt lat="31.0218103788793087005615234375" lon="121.4235846698284149169921875">
        <ele>8.19999980926513671875</ele>
        <time>2026-08-05T10:35:25.000Z</time>
        <extensions>
          <ns3:TrackPointExtension>
            <ns3:atemp>31.0</ns3:atemp>
            <ns3:hr>161</ns3:hr>
            <ns3:cad>92</ns3:cad>
          </ns3:TrackPointExtension>
        </extensions>
      </trkpt>
      <trkpt lat="31.02181247435510158538818359375" lon="121.423577964305877685546875">
        <ele>8.19999980926513671875</ele>
        <time>2026-08-05T10:35:26.000Z</time>
        <extensions>
          <ns3:TrackPointExtension>
            <ns3:atemp>31.0</ns3:atemp>
            <ns3:hr>160</ns3:hr>
            <ns3:cad>92</ns3:cad>
          </ns3:TrackPointExtension>
        </extensions>
      </trkpt>
      <trkpt lat="31.02182253263890743255615234375" lon="121.42352775670588016510009765625">
        <ele>8.19999980926513671875</ele>
        <time>2026-08-05T10:35:27.000Z</time>
        <extensions>
          <ns3:TrackPointExtension>
            <ns3:atemp>31.0</ns3:atemp>
            <ns3:hr>160</ns3:hr>
            <ns3:cad>92</ns3:cad>
          </ns3:TrackPointExtension>
        </extensions>
      </trkpt>
      <trkpt lat="31.02182420901954174041748046875" lon="121.42351157963275909423828125">
        <ele>8.19999980926513671875</ele>
        <time>2026-08-05T10:35:28.000Z</time>
        <extensions>
          <ns3:TrackPointExtension>
            <ns3:atemp>31.0</ns3:atemp>
            <ns3:hr>161</ns3:hr>
            <ns3:cad>93</ns3:cad>
          </ns3:TrackPointExtension>
        </extensions>
      </trkpt>
      <trkpt lat="31.02182722650468349456787109375" lon="121.42347000539302825927734375">
        <ele>8.19999980926513671875</ele>
        <time>2026-08-05T10:35:29.000Z</time>
        <extensions>
          <ns3:TrackPointExtension>
            <ns3:atemp>31.0</ns3:atemp>
            <ns3:hr>160</ns3:hr>
            <ns3:cad>93</ns3:cad>
          </ns3:TrackPointExtension>
        </extensions>
      </trkpt>
      <trkpt lat="31.02182605303823947906494140625" lon="121.42343371175229549407958984375">
        <ele>8.19999980926513671875</ele>
        <time>2026-08-05T10:35:30.000Z</time>
        <extensions>
          <ns3:TrackPointExtension>
            <ns3:atemp>31.0</ns3:atemp>
            <ns3:hr>160</ns3:hr>
            <ns3:cad>93</ns3:cad>
          </ns3:TrackPointExtension>
        </extensions>
      </trkpt>
      <trkpt lat="31.02182286791503429412841796875" lon="121.4234007708728313446044921875">
        <ele>8.19999980926513671875</ele>
        <time>2026-08-05T10:35:31.000Z</time>
        <extensions>
          <ns3:TrackPointExtension>
            <ns3:atemp>31.0</ns3:atemp>
            <ns3:hr>160</ns3:hr>
            <ns3:cad>93</ns3:cad>
          </ns3:TrackPointExtension>
        </extensions>
      </trkpt>
      <trkpt lat="31.0218140669167041778564453125" lon="121.423352658748626708984375">
        <ele>8.19999980926513671875</ele>
        <time>2026-08-05T10:35:32.000Z</time>
        <extensions>
          <ns3:TrackPointExtension>
            <ns3:atemp>31.0</ns3:atemp>
            <ns3:hr>160</ns3:hr>
            <ns3:cad>93</ns3:cad>
          </ns3:TrackPointExtension>
        </extensions>
      </trkpt>
      <trkpt lat="31.0218087024986743927001953125" lon="121.42333262600004673004150390625">
        <ele>8.19999980926513671875</ele>
        <time>2026-08-05T10:35:33.000Z</time>
        <extensions>
          <ns3:TrackPointExtension>
            <ns3:atemp>31.0</ns3:atemp>
            <ns3:hr>160</ns3:hr>
            <ns3:cad>92</ns3:cad>
          </ns3:TrackPointExtension>
        </extensions>
      </trkpt>
      <trkpt lat="31.0217905975878238677978515625" lon="121.4232815802097320556640625">
        <ele>8.19999980926513671875</ele>
        <time>2026-08-05T10:35:34.000Z</time>
        <extensions>
          <ns3:TrackPointExtension>
            <ns3:atemp>31.0</ns3:atemp>
            <ns3:hr>160</ns3:hr>
            <ns3:cad>92</ns3:cad>
          </ns3:TrackPointExtension>
        </extensions>
      </trkpt>
      <trkpt lat="31.0217832215130329132080078125" lon="121.423264481127262115478515625">
        <ele>8.19999980926513671875</ele>
        <time>2026-08-05T10:35:35.000Z</time>
        <extensions>
          <ns3:TrackPointExtension>
            <ns3:atemp>31.0</ns3:atemp>
            <ns3:hr>159</ns3:hr>
            <ns3:cad>93</ns3:cad>
          </ns3:TrackPointExtension>
        </extensions>
      </trkpt>
      <trkpt lat="31.0217548906803131103515625" lon="121.4232150278985500335693359375">
        <ele>8.19999980926513671875</ele>
        <time>2026-08-05T10:35:36.000Z</time>
        <extensions>
          <ns3:TrackPointExtension>
            <ns3:atemp>31.0</ns3:atemp>
            <ns3:hr>159</ns3:hr>
            <ns3:cad>93</ns3:cad>
          </ns3:TrackPointExtension>
        </extensions>
      </trkpt>
      <trkpt lat="31.0217517055571079254150390625" lon="121.42321058548986911773681640625">
        <ele>8.19999980926513671875</ele>
        <time>2026-08-05T10:35:37.000Z</time>
        <extensions>
          <ns3:TrackPointExtension>
            <ns3:atemp>31.0</ns3:atemp>
            <ns3:hr>159</ns3:hr>
            <ns3:cad>93</ns3:cad>
          </ns3:TrackPointExtension>
        </extensions>
      </trkpt>
      <trkpt lat="31.02171960286796092987060546875" lon="121.42316968180239200592041015625">
        <ele>8.19999980926513671875</ele>
        <time>2026-08-05T10:35:38.000Z</time>
        <extensions>
          <ns3:TrackPointExtension>
            <ns3:atemp>31.0</ns3:atemp>
            <ns3:hr>159</ns3:hr>
            <ns3:cad>92</ns3:cad>
          </ns3:TrackPointExtension>
        </extensions>
      </trkpt>
      <trkpt lat="31.02171172387897968292236328125" lon="121.42316129989922046661376953125">
        <ele>8.19999980926513671875</ele>
        <time>2026-08-05T10:35:39.000Z</time>
        <extensions>
          <ns3:TrackPointExtension>
            <ns3:atemp>31.0</ns3:atemp>
            <ns3:hr>160</ns3:hr>
            <ns3:cad>92</ns3:cad>
          </ns3:TrackPointExtension>
        </extensions>
      </trkpt>
      <trkpt lat="31.021675765514373779296875" lon="121.42312844283878803253173828125">
        <ele>8.19999980926513671875</ele>
        <time>2026-08-05T10:35:40.000Z</time>
        <extensions>
          <ns3:TrackPointExtension>
            <ns3:atemp>31.0</ns3:atemp>
            <ns3:hr>159</ns3:hr>
            <ns3:cad>92</ns3:cad>
          </ns3:TrackPointExtension>
        </extensions>
      </trkpt>
      <trkpt lat="31.02166193537414073944091796875" lon="121.4231171272695064544677734375">
        <ele>8.19999980926513671875</ele>
        <time>2026-08-05T10:35:41.000Z</time>
        <extensions>
          <ns3:TrackPointExtension>
            <ns3:atemp>31.0</ns3:atemp>
            <ns3:hr>159</ns3:hr>
            <ns3:cad>93</ns3:cad>
          </ns3:TrackPointExtension>
        </extensions>
      </trkpt>
      <trkpt lat="31.021628491580486297607421875" lon="121.4230966754257678985595703125">
        <ele>8.19999980926513671875</ele>
        <time>2026-08-05T10:35:42.000Z</time>
        <extensions>
          <ns3:TrackPointExtension>
            <ns3:atemp>31.0</ns3:atemp>
            <ns3:hr>159</ns3:hr>
            <ns3:cad>93</ns3:cad>
          </ns3:TrackPointExtension>
        </extensions>
      </trkpt>
      <trkpt lat="31.02159454487264156341552734375" lon="121.4230809174478054046630859375">
        <ele>8.19999980926513671875</ele>
        <time>2026-08-05T10:35:43.000Z</time>
        <extensions>
          <ns3:TrackPointExtension>
            <ns3:atemp>31.0</ns3:atemp>
            <ns3:hr>160</ns3:hr>
            <ns3:cad>92</ns3:cad>
          </ns3:TrackPointExtension>
        </extensions>
      </trkpt>
      <trkpt lat="31.021566800773143768310546875" lon="121.4230711944401264190673828125">
        <ele>8.19999980926513671875</ele>
        <time>2026-08-05T10:35:44.000Z</time>
        <extensions>
          <ns3:TrackPointExtension>
            <ns3:atemp>31.0</ns3:atemp>
            <ns3:hr>161</ns3:hr>
            <ns3:cad>92</ns3:cad>
          </ns3:TrackPointExtension>
        </extensions>
      </trkpt>
      <trkpt lat="31.021527238190174102783203125" lon="121.4230621419847011566162109375">
        <ele>8.19999980926513671875</ele>
        <time>2026-08-05T10:35:45.000Z</time>
        <extensions>
          <ns3:TrackPointExtension>
            <ns3:atemp>31.0</ns3:atemp>
            <ns3:hr>161</ns3:hr>
            <ns3:cad>92</ns3:cad>
          </ns3:TrackPointExtension>
        </extensions>
      </trkpt>
      <trkpt lat="31.02150804363191127777099609375" lon="121.42306004650890827178955078125">
        <ele>8.19999980926513671875</ele>
        <time>2026-08-05T10:35:46.000Z</time>
        <extensions>
          <ns3:TrackPointExtension>
            <ns3:atemp>31.0</ns3:atemp>
            <ns3:hr>161</ns3:hr>
            <ns3:cad>93</ns3:cad>
          </ns3:TrackPointExtension>
        </extensions>
      </trkpt>
      <trkpt lat="31.02146261371672153472900390625" lon="121.42305954359471797943115234375">
        <ele>8.19999980926513671875</ele>
        <time>2026-08-05T10:35:47.000Z</time>
        <extensions>
          <ns3:TrackPointExtension>
            <ns3:atemp>31.0</ns3:atemp>
            <ns3:hr>162</ns3:hr>
            <ns3:cad>93</ns3:cad>
          </ns3:TrackPointExtension>
        </extensions>
      </trkpt>
      <trkpt lat="31.02144710719585418701171875" lon="121.42306021414697170257568359375">
        <ele>8.19999980926513671875</ele>
        <time>2026-08-05T10:35:48.000Z</time>
        <extensions>
          <ns3:TrackPointExtension>
            <ns3:atemp>31.0</ns3:atemp>
            <ns3:hr>162</ns3:hr>
            <ns3:cad>93</ns3:cad>
          </ns3:TrackPointExtension>
        </extensions>
      </trkpt>
      <trkpt lat="31.0214003361761569976806640625" lon="121.42306960187852382659912109375">
        <ele>8.19999980926513671875</ele>
        <time>2026-08-05T10:35:49.000Z</time>
        <extensions>
          <ns3:TrackPointExtension>
            <ns3:atemp>31.0</ns3:atemp>
            <ns3:hr>162</ns3:hr>
            <ns3:cad>93</ns3:cad>
          </ns3:TrackPointExtension>
        </extensions>
      </trkpt>
      <trkpt lat="31.02138809859752655029296875" lon="121.423074044287204742431640625">
        <ele>8.19999980926513671875</ele>
        <time>2026-08-05T10:35:50.000Z</time>
        <extensions>
          <ns3:TrackPointExtension>
            <ns3:atemp>31.0</ns3:atemp>
            <ns3:hr>163</ns3:hr>
            <ns3:cad>93</ns3:cad>
          </ns3:TrackPointExtension>
        </extensions>
      </trkpt>
      <trkpt lat="31.021339483559131622314453125" lon="121.42309323884546756744384765625">
        <ele>8.19999980926513671875</ele>
        <time>2026-08-05T10:35:51.000Z</time>
        <extensions>
          <ns3:TrackPointExtension>
            <ns3:atemp>31.0</ns3:atemp>
            <ns3:hr>163</ns3:hr>
            <ns3:cad>93</ns3:cad>
          </ns3:TrackPointExtension>
        </extensions>
      </trkpt>
      <trkpt lat="31.0213326103985309600830078125" lon="121.4230963401496410369873046875">
        <ele>8.19999980926513671875</ele>
        <time>2026-08-05T10:35:52.000Z</time>
        <extensions>
          <ns3:TrackPointExtension>
            <ns3:atemp>31.0</ns3:atemp>
            <ns3:hr>163</ns3:hr>
            <ns3:cad>93</ns3:cad>
          </ns3:TrackPointExtension>
        </extensions>
      </trkpt>
      <trkpt lat="31.02128491736948490142822265625" lon="121.42311771400272846221923828125">
        <ele>8.19999980926513671875</ele>
        <time>2026-08-05T10:35:53.000Z</time>
        <extensions>
          <ns3:TrackPointExtension>
            <ns3:atemp>31.0</ns3:atemp>
            <ns3:hr>163</ns3:hr>
            <ns3:cad>93</ns3:cad>
          </ns3:TrackPointExtension>
        </extensions>
      </trkpt>
      <trkpt lat="31.02128072641789913177490234375" lon="121.42311955802142620086669921875">
        <ele>8.19999980926513671875</ele>
        <time>2026-08-05T10:35:54.000Z</time>
        <extensions>
          <ns3:TrackPointExtension>
            <ns3:atemp>31.0</ns3:atemp>
            <ns3:hr>163</ns3:hr>
            <ns3:cad>92</ns3:cad>
          </ns3:TrackPointExtension>
        </extensions>
      </trkpt>
      <trkpt lat="31.02123160846531391143798828125" lon="121.4231416024267673492431640625">
        <ele>8.19999980926513671875</ele>
        <time>2026-08-05T10:35:55.000Z</time>
        <extensions>
          <ns3:TrackPointExtension>
            <ns3:atemp>31.0</ns3:atemp>
            <ns3:hr>163</ns3:hr>
            <ns3:cad>92</ns3:cad>
          </ns3:TrackPointExtension>
        </extensions>
      </trkpt>
      <trkpt lat="31.02122473530471324920654296875" lon="121.4231446199119091033935546875">
        <ele>8.19999980926513671875</ele>
        <time>2026-08-05T10:35:56.000Z</time>
        <extensions>
          <ns3:TrackPointExtension>
            <ns3:atemp>31.0</ns3:atemp>
            <ns3:hr>163</ns3:hr>
            <ns3:cad>92</ns3:cad>
          </ns3:TrackPointExtension>
        </extensions>
      </trkpt>
      <trkpt lat="31.02118349634110927581787109375" lon="121.42316314391791820526123046875">
        <ele>8.19999980926513671875</ele>
        <time>2026-08-05T10:35:57.000Z</time>
        <extensions>
          <ns3:TrackPointExtension>
            <ns3:atemp>31.0</ns3:atemp>
            <ns3:hr>163</ns3:hr>
            <ns3:cad>92</ns3:cad>
          </ns3:TrackPointExtension>
        </extensions>
      </trkpt>
      <trkpt lat="31.021171510219573974609375" lon="121.42316850833594799041748046875">
        <ele>8.19999980926513671875</ele>
        <time>2026-08-05T10:35:58.000Z</time>
        <extensions>
          <ns3:TrackPointExtension>
            <ns3:atemp>31.0</ns3:atemp>
            <ns3:hr>163</ns3:hr>
            <ns3:cad>92</ns3:cad>
          </ns3:TrackPointExtension>
        </extensions>
      </trkpt>
      <trkpt lat="31.02113219909369945526123046875" lon="121.42318611033260822296142578125">
        <ele>8.19999980926513671875</ele>
        <time>2026-08-05T10:35:59.000Z</time>
        <extensions>
          <ns3:TrackPointExtension>
            <ns3:atemp>31.0</ns3:atemp>
            <ns3:hr>163</ns3:hr>
            <ns3:cad>92</ns3:cad>
          </ns3:TrackPointExtension>
        </extensions>
      </trkpt>
      <trkpt lat="31.021117530763149261474609375" lon="121.42319264821708202362060546875">
        <ele>8.19999980926513671875</ele>
        <time>2026-08-05T10:36:00.000Z</time>
        <extensions>
          <ns3:TrackPointExtension>
            <ns3:atemp>31.0</ns3:atemp>
            <ns3:hr>163</ns3:hr>
            <ns3:cad>92</ns3:cad>
          </ns3:TrackPointExtension>
        </extensions>
      </trkpt>
      <trkpt lat="31.02108232676982879638671875" lon="121.42320840619504451751708984375">
        <ele>8.19999980926513671875</ele>
        <time>2026-08-05T10:36:01.000Z</time>
        <extensions>
          <ns3:TrackPointExtension>
            <ns3:atemp>31.0</ns3:atemp>
            <ns3:hr>163</ns3:hr>
            <ns3:cad>92</ns3:cad>
          </ns3:TrackPointExtension>
        </extensions>
      </trkpt>
      <trkpt lat="31.02105927653610706329345703125" lon="121.4232187159359455108642578125">
        <ele>8.19999980926513671875</ele>
        <time>2026-08-05T10:36:02.000Z</time>
        <extensions>
          <ns3:TrackPointExtension>
            <ns3:atemp>31.0</ns3:atemp>
            <ns3:hr>163</ns3:hr>
            <ns3:cad>92</ns3:cad>
          </ns3:TrackPointExtension>
        </extensions>
      </trkpt>
      <trkpt lat="31.0210253298282623291015625" lon="121.42323397099971771240234375">
        <ele>8.19999980926513671875</ele>
        <time>2026-08-05T10:36:03.000Z</time>
        <extensions>
          <ns3:TrackPointExtension>
            <ns3:atemp>31.0</ns3:atemp>
            <ns3:hr>163</ns3:hr>
            <ns3:cad>92</ns3:cad>
          </ns3:TrackPointExtension>
        </extensions>
      </trkpt>
      <trkpt lat="31.02099322713911533355712890625" lon="121.42324830405414104461669921875">
        <ele>8.19999980926513671875</ele>
        <time>2026-08-05T10:36:04.000Z</time>
        <extensions>
          <ns3:TrackPointExtension>
            <ns3:atemp>31.0</ns3:atemp>
            <ns3:hr>162</ns3:hr>
            <ns3:cad>92</ns3:cad>
          </ns3:TrackPointExtension>
        </extensions>
      </trkpt>
      <trkpt lat="31.020969338715076446533203125" lon="121.42325903289020061492919921875">
        <ele>8.19999980926513671875</ele>
        <time>2026-08-05T10:36:05.000Z</time>
        <extensions>
          <ns3:TrackPointExtension>
            <ns3:atemp>31.0</ns3:atemp>
            <ns3:hr>162</ns3:hr>
            <ns3:cad>92</ns3:cad>
          </ns3:TrackPointExtension>
        </extensions>
      </trkpt>
      <trkpt lat="31.02092566899955272674560546875" lon="121.42327864654362201690673828125">
        <ele>8.19999980926513671875</ele>
        <time>2026-08-05T10:36:06.000Z</time>
        <extensions>
          <ns3:TrackPointExtension>
            <ns3:atemp>31.0</ns3:atemp>
            <ns3:hr>162</ns3:hr>
            <ns3:cad>92</ns3:cad>
          </ns3:TrackPointExtension>
        </extensions>
      </trkpt>
      <trkpt lat="31.02091041393578052520751953125" lon="121.4232854358851909637451171875">
        <ele>8.19999980926513671875</ele>
        <time>2026-08-05T10:36:07.000Z</time>
        <extensions>
          <ns3:TrackPointExtension>
            <ns3:atemp>31.0</ns3:atemp>
            <ns3:hr>163</ns3:hr>
            <ns3:cad>93</ns3:cad>
          </ns3:TrackPointExtension>
        </extensions>
      </trkpt>
      <trkpt lat="31.02086431346833705902099609375" lon="121.42330613918602466583251953125">
        <ele>8.19999980926513671875</ele>
        <time>2026-08-05T10:36:08.000Z</time>
        <extensions>
          <ns3:TrackPointExtension>
            <ns3:atemp>31.0</ns3:atemp>
            <ns3:hr>162</ns3:hr>
            <ns3:cad>93</ns3:cad>
          </ns3:TrackPointExtension>
        </extensions>
      </trkpt>
      <trkpt lat="31.02085157297551631927490234375" lon="121.42331183888018131256103515625">
        <ele>8.19999980926513671875</ele>
        <time>2026-08-05T10:36:09.000Z</time>
        <extensions>
          <ns3:TrackPointExtension>
            <ns3:atemp>31.0</ns3:atemp>
            <ns3:hr>162</ns3:hr>
            <ns3:cad>92</ns3:cad>
          </ns3:TrackPointExtension>
        </extensions>
      </trkpt>
      <trkpt lat="31.020803041756153106689453125" lon="121.423333548009395599365234375">
        <ele>8.19999980926513671875</ele>
        <time>2026-08-05T10:36:10.000Z</time>
        <extensions>
          <ns3:TrackPointExtension>
            <ns3:atemp>31.0</ns3:atemp>
            <ns3:hr>162</ns3:hr>
            <ns3:cad>92</ns3:cad>
          </ns3:TrackPointExtension>
        </extensions>
      </trkpt>
      <trkpt lat="31.020792312920093536376953125" lon="121.42333832569420337677001953125">
        <ele>8.19999980926513671875</ele>
        <time>2026-08-05T10:36:11.000Z</time>
        <extensions>
          <ns3:TrackPointExtension>
            <ns3:atemp>31.0</ns3:atemp>
            <ns3:hr>163</ns3:hr>
            <ns3:cad>92</ns3:cad>
          </ns3:TrackPointExtension>
        </extensions>
      </trkpt>
      <trkpt lat="31.02074746973812580108642578125" lon="121.42335844226181507110595703125">
        <ele>8.19999980926513671875</ele>
        <time>2026-08-05T10:36:12.000Z</time>
        <extensions>
          <ns3:TrackPointExtension>
            <ns3:atemp>31.0</ns3:atemp>
            <ns3:hr>163</ns3:hr>
            <ns3:cad>93</ns3:cad>
          </ns3:TrackPointExtension>
        </extensions>
      </trkpt>
      <trkpt lat="31.02074009366333484649658203125" lon="121.42336179502308368682861328125">
        <ele>8.19999980926513671875</ele>
        <time>2026-08-05T10:36:13.000Z</time>
        <extensions>
          <ns3:TrackPointExtension>
            <ns3:atemp>31.0</ns3:atemp>
            <ns3:hr>163</ns3:hr>
            <ns3:cad>93</ns3:cad>
          </ns3:TrackPointExtension>
        </extensions>
      </trkpt>
      <trkpt lat="31.02069608867168426513671875" lon="121.42338149249553680419921875">
        <ele>8.19999980926513671875</ele>
        <time>2026-08-05T10:36:14.000Z</time>
        <extensions>
          <ns3:TrackPointExtension>
            <ns3:atemp>31.0</ns3:atemp>
            <ns3:hr>163</ns3:hr>
            <ns3:cad>93</ns3:cad>
          </ns3:TrackPointExtension>
        </extensions>
      </trkpt>
      <trkpt lat="31.0206739604473114013671875" lon="121.42339314334094524383544921875">
        <ele>8.19999980926513671875</ele>
        <time>2026-08-05T10:36:15.000Z</time>
        <extensions>
          <ns3:TrackPointExtension>
            <ns3:atemp>31.0</ns3:atemp>
            <ns3:hr>162</ns3:hr>
            <ns3:cad>92</ns3:cad>
          </ns3:TrackPointExtension>
        </extensions>
      </trkpt>
      <trkpt lat="31.02064755745232105255126953125" lon="121.4234084822237491607666015625">
        <ele>8.19999980926513671875</ele>
        <time>2026-08-05T10:36:16.000Z</time>
        <extensions>
          <ns3:TrackPointExtension>
            <ns3:atemp>31.0</ns3:atemp>
            <ns3:hr>163</ns3:hr>
            <ns3:cad>92</ns3:cad>
          </ns3:TrackPointExtension>
        </extensions>
      </trkpt>
      <trkpt lat="31.0206147842109203338623046875" lon="121.4234326221048831939697265625">
        <ele>8.19999980926513671875</ele>
        <time>2026-08-05T10:36:17.000Z</time>
        <extensions>
          <ns3:TrackPointExtension>
            <ns3:atemp>31.0</ns3:atemp>
            <ns3:hr>163</ns3:hr>
            <ns3:cad>92</ns3:cad>
          </ns3:TrackPointExtension>
        </extensions>
      </trkpt>
      <trkpt lat="31.02059684693813323974609375" lon="121.42344997264444828033447265625">
        <ele>8.19999980926513671875</ele>
        <time>2026-08-05T10:36:18.000Z</time>
        <extensions>
          <ns3:TrackPointExtension>
            <ns3:atemp>31.0</ns3:atemp>
            <ns3:hr>162</ns3:hr>
            <ns3:cad>93</ns3:cad>
          </ns3:TrackPointExtension>
        </extensions>
      </trkpt>
      <trkpt lat="31.02056424133479595184326171875" lon="121.4234862662851810455322265625">
        <ele>8.19999980926513671875</ele>
        <time>2026-08-05T10:36:19.000Z</time>
        <extensions>
          <ns3:TrackPointExtension>
            <ns3:atemp>31.0</ns3:atemp>
            <ns3:hr>163</ns3:hr>
            <ns3:cad>93</ns3:cad>
          </ns3:TrackPointExtension>
        </extensions>
      </trkpt>
      <trkpt lat="31.0205537639558315277099609375" lon="121.42349942587316036224365234375">
        <ele>8.19999980926513671875</ele>
        <time>2026-08-05T10:36:20.000Z</time>
        <extensions>
          <ns3:TrackPointExtension>
            <ns3:atemp>31.0</ns3:atemp>
            <ns3:hr>163</ns3:hr>
            <ns3:cad>93</ns3:cad>
          </ns3:TrackPointExtension>
        </extensions>
      </trkpt>
      <trkpt lat="31.0205259360373020172119140625" lon="121.42354368232190608978271484375">
        <ele>8.19999980926513671875</ele>
        <time>2026-08-05T10:36:21.000Z</time>
        <extensions>
          <ns3:TrackPointExtension>
            <ns3:atemp>31.0</ns3:atemp>
            <ns3:hr>163</ns3:hr>
            <ns3:cad>93</ns3:cad>
          </ns3:TrackPointExtension>
        </extensions>
      </trkpt>
      <trkpt lat="31.02052216418087482452392578125" lon="121.42355055548250675201416015625">
        <ele>8.19999980926513671875</ele>
        <time>2026-08-05T10:36:22.000Z</time>
        <extensions>
          <ns3:TrackPointExtension>
            <ns3:atemp>31.0</ns3:atemp>
            <ns3:hr>163</ns3:hr>
            <ns3:cad>92</ns3:cad>
          </ns3:TrackPointExtension>
        </extensions>
      </trkpt>
      <trkpt lat="31.02050037123262882232666015625" lon="121.42360067926347255706787109375">
        <ele>8.19999980926513671875</ele>
        <time>2026-08-05T10:36:23.000Z</time>
        <extensions>
          <ns3:TrackPointExtension>
            <ns3:atemp>31.0</ns3:atemp>
            <ns3:hr>163</ns3:hr>
            <ns3:cad>92</ns3:cad>
          </ns3:TrackPointExtension>
        </extensions>
      </trkpt>
      <trkpt lat="31.02049903012812137603759765625" lon="121.4236049540340900421142578125">
        <ele>8.19999980926513671875</ele>
        <time>2026-08-05T10:36:24.000Z</time>
        <extensions>
          <ns3:TrackPointExtension>
            <ns3:atemp>31.0</ns3:atemp>
            <ns3:hr>163</ns3:hr>
            <ns3:cad>93</ns3:cad>
          </ns3:TrackPointExtension>
        </extensions>
      </trkpt>
      <trkpt lat="31.020483188331127166748046875" lon="121.4236619509756565093994140625">
        <ele>8.19999980926513671875</ele>
        <time>2026-08-05T10:36:25.000Z</time>
        <extensions>
          <ns3:TrackPointExtension>
            <ns3:atemp>31.0</ns3:atemp>
            <ns3:hr>163</ns3:hr>
            <ns3:cad>93</ns3:cad>
          </ns3:TrackPointExtension>
        </extensions>
      </trkpt>
      <trkpt lat="31.02048151195049285888671875" lon="121.42367058433592319488525390625">
        <ele>8.19999980926513671875</ele>
        <time>2026-08-05T10:36:26.000Z</time>
        <extensions>
          <ns3:TrackPointExtension>
            <ns3:atemp>31.0</ns3:atemp>
            <ns3:hr>164</ns3:hr>
            <ns3:cad>93</ns3:cad>
          </ns3:TrackPointExtension>
        </extensions>
      </trkpt>
      <trkpt lat="31.02047438733279705047607421875" lon="121.4237249828875064849853515625">
        <ele>8.19999980926513671875</ele>
        <time>2026-08-05T10:36:27.000Z</time>
        <extensions>
          <ns3:TrackPointExtension>
            <ns3:atemp>31.0</ns3:atemp>
            <ns3:hr>164</ns3:hr>
            <ns3:cad>93</ns3:cad>
          </ns3:TrackPointExtension>
        </extensions>
      </trkpt>
      <trkpt lat="31.02047321386635303497314453125" lon="121.4237393997609615325927734375">
        <ele>8.19999980926513671875</ele>
        <time>2026-08-05T10:36:28.000Z</time>
        <extensions>
          <ns3:TrackPointExtension>
            <ns3:atemp>31.0</ns3:atemp>
            <ns3:hr>164</ns3:hr>
            <ns3:cad>93</ns3:cad>
          </ns3:TrackPointExtension>
        </extensions>
      </trkpt>
      <trkpt lat="31.02047388441860675811767578125" lon="121.4237876795232295989990234375">
        <ele>8.19999980926513671875</ele>
        <time>2026-08-05T10:36:29.000Z</time>
        <extensions>
          <ns3:TrackPointExtension>
            <ns3:atemp>31.0</ns3:atemp>
            <ns3:hr>164</ns3:hr>
            <ns3:cad>92</ns3:cad>
          </ns3:TrackPointExtension>
        </extensions>
      </trkpt>
      <trkpt lat="31.02047472260892391204833984375" lon="121.42380368895828723907470703125">
        <ele>8.19999980926513671875</ele>
        <time>2026-08-05T10:36:30.000Z</time>
        <extensions>
          <ns3:TrackPointExtension>
            <ns3:atemp>31.0</ns3:atemp>
            <ns3:hr>163</ns3:hr>
            <ns3:cad>92</ns3:cad>
          </ns3:TrackPointExtension>
        </extensions>
      </trkpt>
      <trkpt lat="31.02048142813146114349365234375" lon="121.4238490350544452667236328125">
        <ele>8.19999980926513671875</ele>
        <time>2026-08-05T10:36:31.000Z</time>
        <extensions>
          <ns3:TrackPointExtension>
            <ns3:atemp>31.0</ns3:atemp>
            <ns3:hr>164</ns3:hr>
            <ns3:cad>92</ns3:cad>
          </ns3:TrackPointExtension>
        </extensions>
      </trkpt>
      <trkpt lat="31.020488552749156951904296875" lon="121.42387744970619678497314453125">
        <ele>8.19999980926513671875</ele>
        <time>2026-08-05T10:36:32.000Z</time>
        <extensions>
          <ns3:TrackPointExtension>
            <ns3:atemp>31.0</ns3:atemp>
            <ns3:hr>164</ns3:hr>
            <ns3:cad>92</ns3:cad>
          </ns3:TrackPointExtension>
        </extensions>
      </trkpt>
      <trkpt lat="31.0204994492232799530029296875" lon="121.423913575708866119384765625">
        <ele>8.19999980926513671875</ele>
        <time>2026-08-05T10:36:33.000Z</time>
        <extensions>
          <ns3:TrackPointExtension>
            <ns3:atemp>31.0</ns3:atemp>
            <ns3:hr>164</ns3:hr>
            <ns3:cad>92</ns3:cad>
          </ns3:TrackPointExtension>
        </extensions>
      </trkpt>
      <trkpt lat="31.020517386496067047119140625" lon="121.42395682632923126220703125">
        <ele>8.19999980926513671875</ele>
        <time>2026-08-05T10:36:34.000Z</time>
        <extensions>
          <ns3:TrackPointExtension>
            <ns3:atemp>31.0</ns3:atemp>
            <ns3:hr>164</ns3:hr>
            <ns3:cad>92</ns3:cad>
          </ns3:TrackPointExtension>
        </extensions>
      </trkpt>
      <trkpt lat="31.02052954025566577911376953125" lon="121.42397920601069927215576171875">
        <ele>8.19999980926513671875</ele>
        <time>2026-08-05T10:36:35.000Z</time>
        <extensions>
          <ns3:TrackPointExtension>
            <ns3:atemp>31.0</ns3:atemp>
            <ns3:hr>164</ns3:hr>
            <ns3:cad>91</ns3:cad>
          </ns3:TrackPointExtension>
        </extensions>
      </trkpt>
      <trkpt lat="31.02055921219289302825927734375" lon="121.42402480356395244598388671875">
        <ele>8.19999980926513671875</ele>
        <time>2026-08-05T10:36:36.000Z</time>
        <extensions>
          <ns3:TrackPointExtension>
            <ns3:atemp>31.0</ns3:atemp>
            <ns3:hr>164</ns3:hr>
            <ns3:cad>91</ns3:cad>
          </ns3:TrackPointExtension>
        </extensions>
      </trkpt>
      <trkpt lat="31.0205725394189357757568359375" lon="121.4240418188273906707763671875">
        <ele>8.19999980926513671875</ele>
        <time>2026-08-05T10:36:37.000Z</time>
        <extensions>
          <ns3:TrackPointExtension>
            <ns3:atemp>31.0</ns3:atemp>
            <ns3:hr>164</ns3:hr>
            <ns3:cad>93</ns3:cad>
          </ns3:TrackPointExtension>
        </extensions>
      </trkpt>
      <trkpt lat="31.020608581602573394775390625" lon="121.4240786992013454437255859375">
        <ele>8.19999980926513671875</ele>
        <time>2026-08-05T10:36:38.000Z</time>
        <extensions>
          <ns3:TrackPointExtension>
            <ns3:atemp>31.0</ns3:atemp>
            <ns3:hr>164</ns3:hr>
            <ns3:cad>93</ns3:cad>
          </ns3:TrackPointExtension>
        </extensions>
      </trkpt>
      <trkpt lat="31.0206203162670135498046875" lon="121.42408833838999271392822265625">
        <ele>8.19999980926513671875</ele>
        <time>2026-08-05T10:36:39.000Z</time>
        <extensions>
          <ns3:TrackPointExtension>
            <ns3:atemp>31.0</ns3:atemp>
            <ns3:hr>164</ns3:hr>
            <ns3:cad>93</ns3:cad>
          </ns3:TrackPointExtension>
        </extensions>
      </trkpt>
      <trkpt lat="31.0206627286970615386962890625" lon="121.42411801032721996307373046875">
        <ele>8.19999980926513671875</ele>
        <time>2026-08-05T10:36:40.000Z</time>
        <extensions>
          <ns3:TrackPointExtension>
            <ns3:atemp>31.0</ns3:atemp>
            <ns3:hr>164</ns3:hr>
            <ns3:cad>93</ns3:cad>
          </ns3:TrackPointExtension>
        </extensions>
      </trkpt>
      <trkpt lat="31.02066968567669391632080078125" lon="121.42412220127880573272705078125">
        <ele>8.19999980926513671875</ele>
        <time>2026-08-05T10:36:41.000Z</time>
        <extensions>
          <ns3:TrackPointExtension>
            <ns3:atemp>31.0</ns3:atemp>
            <ns3:hr>164</ns3:hr>
            <ns3:cad>92</ns3:cad>
          </ns3:TrackPointExtension>
        </extensions>
      </trkpt>
      <trkpt lat="31.02071679197251796722412109375" lon="121.42414391040802001953125">
        <ele>8.19999980926513671875</ele>
        <time>2026-08-05T10:36:42.000Z</time>
        <extensions>
          <ns3:TrackPointExtension>
            <ns3:atemp>31.0</ns3:atemp>
            <ns3:hr>164</ns3:hr>
            <ns3:cad>92</ns3:cad>
          </ns3:TrackPointExtension>
        </extensions>
      </trkpt>
      <trkpt lat="31.020733304321765899658203125" lon="121.4241487719118595123291015625">
        <ele>8.19999980926513671875</ele>
        <time>2026-08-05T10:36:43.000Z</time>
        <extensions>
          <ns3:TrackPointExtension>
            <ns3:atemp>31.0</ns3:atemp>
            <ns3:hr>164</ns3:hr>
            <ns3:cad>91</ns3:cad>
          </ns3:TrackPointExtension>
        </extensions>
      </trkpt>
      <trkpt lat="31.020772196352481842041015625" lon="121.42415774054825305938720703125">
        <ele>8.19999980926513671875</ele>
        <time>2026-08-05T10:36:44.000Z</time>
        <extensions>
          <ns3:TrackPointExtension>
            <ns3:atemp>31.0</ns3:atemp>
            <ns3:hr>164</ns3:hr>
            <ns3:cad>92</ns3:cad>
          </ns3:TrackPointExtension>
        </extensions>
      </trkpt>
      <trkpt lat="31.0208022035658359527587890625" lon="121.42416092567145824432373046875">
        <ele>8.19999980926513671875</ele>
        <time>2026-08-05T10:36:45.000Z</time>
        <extensions>
          <ns3:TrackPointExtension>
            <ns3:atemp>31.0</ns3:atemp>
            <ns3:hr>165</ns3:hr>
            <ns3:cad>92</ns3:cad>
          </ns3:TrackPointExtension>
        </extensions>
      </trkpt>
      <trkpt lat="31.0208340547978878021240234375" lon="121.4241605065762996673583984375">
        <ele>8.19999980926513671875</ele>
        <time>2026-08-05T10:36:46.000Z</time>
        <extensions>
          <ns3:TrackPointExtension>
            <ns3:atemp>31.0</ns3:atemp>
            <ns3:hr>165</ns3:hr>
            <ns3:cad>92</ns3:cad>
          </ns3:TrackPointExtension>
        </extensions>
      </trkpt>
      <trkpt lat="31.0208897106349468231201171875" lon="121.42415237613022327423095703125">
        <ele>8.19999980926513671875</ele>
        <time>2026-08-05T10:36:47.000Z</time>
        <extensions>
          <ns3:TrackPointExtension>
            <ns3:atemp>31.0</ns3:atemp>
            <ns3:hr>165</ns3:hr>
            <ns3:cad>92</ns3:cad>
          </ns3:TrackPointExtension>
        </extensions>
      </trkpt>
      <trkpt lat="31.02090253494679927825927734375" lon="121.42414919100701808929443359375">
        <ele>8.19999980926513671875</ele>
        <time>2026-08-05T10:36:48.000Z</time>
        <extensions>
          <ns3:TrackPointExtension>
            <ns3:atemp>31.0</ns3:atemp>
            <ns3:hr>166</ns3:hr>
            <ns3:cad>92</ns3:cad>
          </ns3:TrackPointExtension>
        </extensions>
      </trkpt>
      <trkpt lat="31.0209715180099010467529296875" lon="121.4241216145455837249755859375">
        <ele>8.19999980926513671875</ele>
        <time>2026-08-05T10:36:49.000Z</time>
        <extensions>
          <ns3:TrackPointExtension>
            <ns3:atemp>31.0</ns3:atemp>
            <ns3:hr>166</ns3:hr>
            <ns3:cad>93</ns3:cad>
          </ns3:TrackPointExtension>
        </extensions>
      </trkpt>
      <trkpt lat="31.020992808043956756591796875" lon="121.424112059175968170166015625">
        <ele>8.19999980926513671875</ele>
        <time>2026-08-05T10:36:50.000Z</time>
        <extensions>
          <ns3:TrackPointExtension>
            <ns3:atemp>31.0</ns3:atemp>
            <ns3:hr>166</ns3:hr>
            <ns3:cad>93</ns3:cad>
          </ns3:TrackPointExtension>
        </extensions>
      </trkpt>
      <trkpt lat="31.0210305266082286834716796875" lon="121.42409521155059337615966796875">
        <ele>8.19999980926513671875</ele>
        <time>2026-08-05T10:36:51.000Z</time>
        <extensions>
          <ns3:TrackPointExtension>
            <ns3:atemp>31.0</ns3:atemp>
            <ns3:hr>166</ns3:hr>
            <ns3:cad>93</ns3:cad>
          </ns3:TrackPointExtension>
        </extensions>
      </trkpt>
      <trkpt lat="31.02105424739420413970947265625" lon="121.424084566533565521240234375">
        <ele>8.19999980926513671875</ele>
        <time>2026-08-05T10:36:52.000Z</time>
        <extensions>
          <ns3:TrackPointExtension>
            <ns3:atemp>31.0</ns3:atemp>
            <ns3:hr>166</ns3:hr>
            <ns3:cad>93</ns3:cad>
          </ns3:TrackPointExtension>
        </extensions>
      </trkpt>
      <trkpt lat="31.02108458988368511199951171875" lon="121.4240709878504276275634765625">
        <ele>8.19999980926513671875</ele>
        <time>2026-08-05T10:36:53.000Z</time>
        <extensions>
          <ns3:TrackPointExtension>
            <ns3:atemp>31.0</ns3:atemp>
            <ns3:hr>166</ns3:hr>
            <ns3:cad>94</ns3:cad>
          </ns3:TrackPointExtension>
        </extensions>
      </trkpt>
      <trkpt lat="31.02112063206732273101806640625" lon="121.42405481077730655670166015625">
        <ele>8.19999980926513671875</ele>
        <time>2026-08-05T10:36:54.000Z</time>
        <extensions>
          <ns3:TrackPointExtension>
            <ns3:atemp>31.0</ns3:atemp>
            <ns3:hr>167</ns3:hr>
            <ns3:cad>94</ns3:cad>
          </ns3:TrackPointExtension>
        </extensions>
      </trkpt>
      <trkpt lat="31.021142341196537017822265625" lon="121.42404508776962757110595703125">
        <ele>8.19999980926513671875</ele>
        <time>2026-08-05T10:36:55.000Z</time>
        <extensions>
          <ns3:TrackPointExtension>
            <ns3:atemp>31.0</ns3:atemp>
            <ns3:hr>167</ns3:hr>
            <ns3:cad>94</ns3:cad>
          </ns3:TrackPointExtension>
        </extensions>
      </trkpt>
      <trkpt lat="31.02118693292140960693359375" lon="121.42402513884007930755615234375">
        <ele>8.19999980926513671875</ele>
        <time>2026-08-05T10:36:56.000Z</time>
        <extensions>
          <ns3:TrackPointExtension>
            <ns3:atemp>31.0</ns3:atemp>
            <ns3:hr>167</ns3:hr>
            <ns3:cad>94</ns3:cad>
          </ns3:TrackPointExtension>
        </extensions>
      </trkpt>
      <trkpt lat="31.02120461873710155487060546875" lon="121.42401725985109806060791015625">
        <ele>8.19999980926513671875</ele>
        <time>2026-08-05T10:36:57.000Z</time>
        <extensions>
          <ns3:TrackPointExtension>
            <ns3:atemp>31.0</ns3:atemp>
            <ns3:hr>168</ns3:hr>
            <ns3:cad>93</ns3:cad>
          </ns3:TrackPointExtension>
        </extensions>
      </trkpt>
      <trkpt lat="31.02125239558517932891845703125" lon="121.42399580217897891998291015625">
        <ele>8.19999980926513671875</ele>
        <time>2026-08-05T10:36:58.000Z</time>
        <extensions>
          <ns3:TrackPointExtension>
            <ns3:atemp>31.0</ns3:atemp>
            <ns3:hr>168</ns3:hr>
            <ns3:cad>92</ns3:cad>
          </ns3:TrackPointExtension>
        </extensions>
      </trkpt>
      <trkpt lat="31.021268069744110107421875" lon="121.42398876138031482696533203125">
        <ele>8.19999980926513671875</ele>
        <time>2026-08-05T10:36:59.000Z</time>
        <extensions>
          <ns3:TrackPointExtension>
            <ns3:atemp>31.0</ns3:atemp>
            <ns3:hr>168</ns3:hr>
            <ns3:cad>92</ns3:cad>
          </ns3:TrackPointExtension>
        </extensions>
      </trkpt>
      <trkpt lat="31.02131023071706295013427734375" lon="121.423969902098178863525390625">
        <ele>8.19999980926513671875</ele>
        <time>2026-08-05T10:37:00.000Z</time>
        <extensions>
          <ns3:TrackPointExtension>
            <ns3:atemp>31.0</ns3:atemp>
            <ns3:hr>169</ns3:hr>
            <ns3:cad>92</ns3:cad>
          </ns3:TrackPointExtension>
        </extensions>
      </trkpt>
      <trkpt lat="31.021323390305042266845703125" lon="121.4239640347659587860107421875">
        <ele>8.19999980926513671875</ele>
        <time>2026-08-05T10:37:01.000Z</time>
        <extensions>
          <ns3:TrackPointExtension>
            <ns3:atemp>31.0</ns3:atemp>
            <ns3:hr>169</ns3:hr>
            <ns3:cad>92</ns3:cad>
          </ns3:TrackPointExtension>
        </extensions>
      </trkpt>
      <trkpt lat="31.0213617794215679168701171875" lon="121.4239467680454254150390625">
        <ele>8.19999980926513671875</ele>
        <time>2026-08-05T10:37:02.000Z</time>
        <extensions>
          <ns3:TrackPointExtension>
            <ns3:atemp>31.0</ns3:atemp>
            <ns3:hr>169</ns3:hr>
            <ns3:cad>92</ns3:cad>
          </ns3:TrackPointExtension>
        </extensions>
      </trkpt>
      <trkpt lat="31.02137695066630840301513671875" lon="121.42394006252288818359375">
        <ele>8.19999980926513671875</ele>
        <time>2026-08-05T10:37:03.000Z</time>
        <extensions>
          <ns3:TrackPointExtension>
            <ns3:atemp>31.0</ns3:atemp>
            <ns3:hr>168</ns3:hr>
            <ns3:cad>92</ns3:cad>
          </ns3:TrackPointExtension>
        </extensions>
      </trkpt>
      <trkpt lat="31.02140762843191623687744140625" lon="121.423926316201686859130859375">
        <ele>8.19999980926513671875</ele>
        <time>2026-08-05T10:37:04.000Z</time>
        <extensions>
          <ns3:TrackPointExtension>
            <ns3:atemp>31.0</ns3:atemp>
            <ns3:hr>168</ns3:hr>
            <ns3:cad>93</ns3:cad>
          </ns3:TrackPointExtension>
        </extensions>
      </trkpt>
      <trkpt lat="31.0214352048933506011962890625" lon="121.42391391098499298095703125">
        <ele>8.19999980926513671875</ele>
        <time>2026-08-05T10:37:05.000Z</time>
        <extensions>
          <ns3:TrackPointExtension>
            <ns3:atemp>31.0</ns3:atemp>
            <ns3:hr>167</ns3:hr>
            <ns3:cad>93</ns3:cad>
          </ns3:TrackPointExtension>
        </extensions>
      </trkpt>
      <trkpt lat="31.0214613564312458038330078125" lon="121.423902176320552825927734375">
        <ele>8.19999980926513671875</ele>
        <time>2026-08-05T10:37:06.000Z</time>
        <extensions>
          <ns3:TrackPointExtension>
            <ns3:atemp>31.0</ns3:atemp>
            <ns3:hr>167</ns3:hr>
            <ns3:cad>93</ns3:cad>
          </ns3:TrackPointExtension>
        </extensions>
      </trkpt>
      <trkpt lat="31.02149002254009246826171875" lon="121.42388935200870037078857421875">
        <ele>8.19999980926513671875</ele>
        <time>2026-08-05T10:37:07.000Z</time>
        <extensions>
          <ns3:TrackPointExtension>
            <ns3:atemp>31.0</ns3:atemp>
            <ns3:hr>166</ns3:hr>
            <ns3:cad>93</ns3:cad>
          </ns3:TrackPointExtension>
        </extensions>
      </trkpt>
      <trkpt lat="31.0215089656412601470947265625" lon="121.4238808862864971160888671875">
        <ele>8.19999980926513671875</ele>
        <time>2026-08-05T10:37:08.000Z</time>
        <extensions>
          <ns3:TrackPointExtension>
            <ns3:atemp>31.0</ns3:atemp>
            <ns3:hr>165</ns3:hr>
            <ns3:cad>92</ns3:cad>
          </ns3:TrackPointExtension>
        </extensions>
      </trkpt>
      <trkpt lat="31.0215542279183864593505859375" lon="121.423860602080821990966796875">
        <ele>8.19999980926513671875</ele>
        <time>2026-08-05T10:37:09.000Z</time>
        <extensions>
          <ns3:TrackPointExtension>
            <ns3:atemp>31.0</ns3:atemp>
            <ns3:hr>165</ns3:hr>
            <ns3:cad>92</ns3:cad>
          </ns3:TrackPointExtension>
        </extensions>
      </trkpt>
      <trkpt lat="31.0215790383517742156982421875" lon="121.42384953796863555908203125">
        <ele>8.19999980926513671875</ele>
        <time>2026-08-05T10:37:10.000Z</time>
        <extensions>
          <ns3:TrackPointExtension>
            <ns3:atemp>31.0</ns3:atemp>
            <ns3:hr>164</ns3:hr>
            <ns3:cad>92</ns3:cad>
          </ns3:TrackPointExtension>
        </extensions>
      </trkpt>
      <trkpt lat="31.02160845883190631866455078125" lon="121.42383604310452938079833984375">
        <ele>8.19999980926513671875</ele>
        <time>2026-08-05T10:37:11.000Z</time>
        <extensions>
          <ns3:TrackPointExtension>
            <ns3:atemp>31.0</ns3:atemp>
            <ns3:hr>164</ns3:hr>
            <ns3:cad>92</ns3:cad>
          </ns3:TrackPointExtension>
        </extensions>
      </trkpt>
      <trkpt lat="31.021638549864292144775390625" lon="121.4238198660314083099365234375">
        <ele>8.19999980926513671875</ele>
        <time>2026-08-05T10:37:12.000Z</time>
        <extensions>
          <ns3:TrackPointExtension>
            <ns3:atemp>31.0</ns3:atemp>
            <ns3:hr>163</ns3:hr>
            <ns3:cad>92</ns3:cad>
          </ns3:TrackPointExtension>
        </extensions>
      </trkpt>
      <trkpt lat="31.02168221957981586456298828125" lon="121.42378943972289562225341796875">
        <ele>8.19999980926513671875</ele>
        <time>2026-08-05T10:37:13.000Z</time>
        <extensions>
          <ns3:TrackPointExtension>
            <ns3:atemp>31.0</ns3:atemp>
            <ns3:hr>163</ns3:hr>
            <ns3:cad>92</ns3:cad>
          </ns3:TrackPointExtension>
        </extensions>
      </trkpt>
      <trkpt lat="31.02169965393841266632080078125" lon="121.42377317883074283599853515625">
        <ele>8.19999980926513671875</ele>
        <time>2026-08-05T10:37:14.000Z</time>
        <extensions>
          <ns3:TrackPointExtension>
            <ns3:atemp>31.0</ns3:atemp>
            <ns3:hr>163</ns3:hr>
            <ns3:cad>92</ns3:cad>
          </ns3:TrackPointExtension>
        </extensions>
      </trkpt>
      <trkpt lat="31.02174709551036357879638671875" lon="121.423719115555286407470703125">
        <ele>8.19999980926513671875</ele>
        <time>2026-08-05T10:37:15.000Z</time>
        <extensions>
          <ns3:TrackPointExtension>
            <ns3:atemp>31.0</ns3:atemp>
            <ns3:hr>164</ns3:hr>
            <ns3:cad>92</ns3:cad>
          </ns3:TrackPointExtension>
        </extensions>
      </trkpt>
      <trkpt lat="31.021767966449260711669921875" lon="121.42368600703775882720947265625">
        <ele>8.19999980926513671875</ele>
        <time>2026-08-05T10:37:16.000Z</time>
        <extensions>
          <ns3:TrackPointExtension>
            <ns3:atemp>31.0</ns3:atemp>
            <ns3:hr>164</ns3:hr>
            <ns3:cad>92</ns3:cad>
          </ns3:TrackPointExtension>
        </extensions>
      </trkpt>
      <trkpt lat="31.02179034613072872161865234375" lon="121.4236411638557910919189453125">
        <ele>8.19999980926513671875</ele>
        <time>2026-08-05T10:37:17.000Z</time>
        <extensions>
          <ns3:TrackPointExtension>
            <ns3:atemp>31.0</ns3:atemp>
            <ns3:hr>164</ns3:hr>
            <ns3:cad>92</ns3:cad>
          </ns3:TrackPointExtension>
        </extensions>
      </trkpt>
      <trkpt lat="31.021810881793498992919921875" lon="121.42358290962874889373779296875">
        <ele>8.19999980926513671875</ele>
        <time>2026-08-05T10:37:18.000Z</time>
        <extensions>
          <ns3:TrackPointExtension>
            <ns3:atemp>31.0</ns3:atemp>
            <ns3:hr>164</ns3:hr>
            <ns3:cad>92</ns3:cad>
          </ns3:TrackPointExtension>
        </extensions>
      </trkpt>
      <trkpt lat="31.021816916763782501220703125" lon="121.423556506633758544921875">
        <ele>8.19999980926513671875</ele>
        <time>2026-08-05T10:37:19.000Z</time>
        <extensions>
          <ns3:TrackPointExtension>
            <ns3:atemp>31.0</ns3:atemp>
            <ns3:hr>165</ns3:hr>
            <ns3:cad>92</ns3:cad>
          </ns3:TrackPointExtension>
        </extensions>
      </trkpt>
      <trkpt lat="31.021825969219207763671875" lon="121.423488445580005645751953125">
        <ele>8.19999980926513671875</ele>
        <time>2026-08-05T10:37:20.000Z</time>
        <extensions>
          <ns3:TrackPointExtension>
            <ns3:atemp>31.0</ns3:atemp>
            <ns3:hr>165</ns3:hr>
            <ns3:cad>95</ns3:cad>
          </ns3:TrackPointExtension>
        </extensions>
      </trkpt>
      <trkpt lat="31.0218271426856517791748046875" lon="121.42346539534628391265869140625">
        <ele>8.19999980926513671875</ele>
        <time>2026-08-05T10:37:21.000Z</time>
        <extensions>
          <ns3:TrackPointExtension>
            <ns3:atemp>31.0</ns3:atemp>
            <ns3:hr>165</ns3:hr>
            <ns3:cad>95</ns3:cad>
          </ns3:TrackPointExtension>
        </extensions>
      </trkpt>
      <trkpt lat="31.02182353846728801727294921875" lon="121.42340538091957569122314453125">
        <ele>8.19999980926513671875</ele>
        <time>2026-08-05T10:37:22.000Z</time>
        <extensions>
          <ns3:TrackPointExtension>
            <ns3:atemp>31.0</ns3:atemp>
            <ns3:hr>165</ns3:hr>
            <ns3:cad>95</ns3:cad>
          </ns3:TrackPointExtension>
        </extensions>
      </trkpt>
      <trkpt lat="31.0218137316405773162841796875" lon="121.42335140146315097808837890625">
        <ele>8.19999980926513671875</ele>
        <time>2026-08-05T10:37:23.000Z</time>
        <extensions>
          <ns3:TrackPointExtension>
            <ns3:atemp>31.0</ns3:atemp>
            <ns3:hr>165</ns3:hr>
            <ns3:cad>94</ns3:cad>
          </ns3:TrackPointExtension>
        </extensions>
      </trkpt>
      <trkpt lat="31.02180526591837406158447265625" lon="121.42331955023109912872314453125">
        <ele>8.19999980926513671875</ele>
        <time>2026-08-05T10:37:24.000Z</time>
        <extensions>
          <ns3:TrackPointExtension>
            <ns3:atemp>31.0</ns3:atemp>
            <ns3:hr>165</ns3:hr>
            <ns3:cad>94</ns3:cad>
          </ns3:TrackPointExtension>
        </extensions>
      </trkpt>
      <trkpt lat="31.02177165448665618896484375" lon="121.42324310727417469024658203125">
        <ele>8.19999980926513671875</ele>
        <time>2026-08-05T10:37:25.000Z</time>
        <extensions>
          <ns3:TrackPointExtension>
            <ns3:atemp>31.0</ns3:atemp>
            <ns3:hr>166</ns3:hr>
            <ns3:cad>94</ns3:cad>
          </ns3:TrackPointExtension>
        </extensions>
      </trkpt>
      <trkpt lat="31.02175564505159854888916015625" lon="121.4232160337269306182861328125">
        <ele>8.19999980926513671875</ele>
        <time>2026-08-05T10:37:26.000Z</time>
        <extensions>
          <ns3:TrackPointExtension>
            <ns3:atemp>31.0</ns3:atemp>
            <ns3:hr>167</ns3:hr>
            <ns3:cad>94</ns3:cad>
          </ns3:TrackPointExtension>
        </extensions>
      </trkpt>
      <trkpt lat="31.02171591483056545257568359375" lon="121.4231657423079013824462890625">
        <ele>8.19999980926513671875</ele>
        <time>2026-08-05T10:37:27.000Z</time>
        <extensions>
          <ns3:TrackPointExtension>
            <ns3:atemp>31.0</ns3:atemp>
            <ns3:hr>167</ns3:hr>
            <ns3:cad>94</ns3:cad>
          </ns3:TrackPointExtension>
        </extensions>
      </trkpt>
      <trkpt lat="31.02168389596045017242431640625" lon="121.42313514836132526397705078125">
        <ele>8.19999980926513671875</ele>
        <time>2026-08-05T10:37:28.000Z</time>
        <extensions>
          <ns3:TrackPointExtension>
            <ns3:atemp>31.0</ns3:atemp>
            <ns3:hr>168</ns3:hr>
            <ns3:cad>94</ns3:cad>
          </ns3:TrackPointExtension>
        </extensions>
      </trkpt>
      <trkpt lat="31.02166210301220417022705078125" lon="121.42311729490756988525390625">
        <ele>8.19999980926513671875</ele>
        <time>2026-08-05T10:37:29.000Z</time>
        <extensions>
          <ns3:TrackPointExtension>
            <ns3:atemp>31.0</ns3:atemp>
            <ns3:hr>170</ns3:hr>
            <ns3:cad>94</ns3:cad>
          </ns3:TrackPointExtension>
        </extensions>
      </trkpt>
      <trkpt lat="31.02158582769334316253662109375" lon="121.42307714559137821197509765625">
        <ele>8.19999980926513671875</ele>
        <time>2026-08-05T10:37:30.000Z</time>
        <extensions>
          <ns3:TrackPointExtension>
            <ns3:atemp>31.0</ns3:atemp>
            <ns3:hr>170</ns3:hr>
            <ns3:cad>94</ns3:cad>
          </ns3:TrackPointExtension>
        </extensions>
      </trkpt>
      <trkpt lat="31.021572835743427276611328125" lon="121.42307278700172901153564453125">
        <ele>8.19999980926513671875</ele>
        <time>2026-08-05T10:37:31.000Z</time>
        <extensions>
          <ns3:TrackPointExtension>
            <ns3:atemp>31.0</ns3:atemp>
            <ns3:hr>171</ns3:hr>
            <ns3:cad>94</ns3:cad>
          </ns3:TrackPointExtension>
        </extensions>
      </trkpt>
      <trkpt lat="31.02151106111705303192138671875" lon="121.42306038178503513336181640625">
        <ele>8.19999980926513671875</ele>
        <time>2026-08-05T10:37:32.000Z</time>
        <extensions>
          <ns3:TrackPointExtension>
            <ns3:atemp>31.0</ns3:atemp>
            <ns3:hr>172</ns3:hr>
            <ns3:cad>94</ns3:cad>
          </ns3:TrackPointExtension>
        </extensions>
      </trkpt>
      <trkpt lat="31.0214895196259021759033203125" lon="121.42305828630924224853515625">
        <ele>8.19999980926513671875</ele>
        <time>2026-08-05T10:37:33.000Z</time>
        <extensions>
          <ns3:TrackPointExtension>
            <ns3:atemp>31.0</ns3:atemp>
            <ns3:hr>173</ns3:hr>
            <ns3:cad>95</ns3:cad>
          </ns3:TrackPointExtension>
        </extensions>
      </trkpt>
      <trkpt lat="31.02143503725528717041015625" lon="121.4230624772608280181884765625">
        <ele>8.19999980926513671875</ele>
        <time>2026-08-05T10:37:34.000Z</time>
        <extensions>
          <ns3:TrackPointExtension>
            <ns3:atemp>31.0</ns3:atemp>
            <ns3:hr>173</ns3:hr>
            <ns3:cad>95</ns3:cad>
          </ns3:TrackPointExtension>
        </extensions>
      </trkpt>
      <trkpt lat="31.0213886015117168426513671875" lon="121.4230738766491413116455078125">
        <ele>8.19999980926513671875</ele>
        <time>2026-08-05T10:37:35.000Z</time>
        <extensions>
          <ns3:TrackPointExtension>
            <ns3:atemp>31.0</ns3:atemp>
            <ns3:hr>174</ns3:hr>
            <ns3:cad>95</ns3:cad>
          </ns3:TrackPointExtension>
        </extensions>
      </trkpt>
      <trkpt lat="31.0213617794215679168701171875" lon="121.4230835996568202972412109375">
        <ele>8.19999980926513671875</ele>
        <time>2026-08-05T10:37:36.000Z</time>
        <extensions>
          <ns3:TrackPointExtension>
            <ns3:atemp>31.0</ns3:atemp>
            <ns3:hr>174</ns3:hr>
            <ns3:cad>95</ns3:cad>
          </ns3:TrackPointExtension>
        </extensions>
      </trkpt>
      <trkpt lat="31.0212886892259120941162109375" lon="121.42311595380306243896484375">
        <ele>8.19999980926513671875</ele>
        <time>2026-08-05T10:37:37.000Z</time>
        <extensions>
          <ns3:TrackPointExtension>
            <ns3:atemp>31.0</ns3:atemp>
            <ns3:hr>175</ns3:hr>
            <ns3:cad>93</ns3:cad>
          </ns3:TrackPointExtension>
        </extensions>
      </trkpt>
      <trkpt lat="31.021264381706714630126953125" lon="121.4231268502771854400634765625">
        <ele>8.19999980926513671875</ele>
        <time>2026-08-05T10:37:38.000Z</time>
        <extensions>
          <ns3:TrackPointExtension>
            <ns3:atemp>31.0</ns3:atemp>
            <ns3:hr>176</ns3:hr>
            <ns3:cad>93</ns3:cad>
          </ns3:TrackPointExtension>
        </extensions>
      </trkpt>
      <trkpt lat="31.02120495401322841644287109375" lon="121.42315350472927093505859375">
        <ele>8.19999980926513671875</ele>
        <time>2026-08-05T10:37:39.000Z</time>
        <extensions>
          <ns3:TrackPointExtension>
            <ns3:atemp>31.0</ns3:atemp>
            <ns3:hr>176</ns3:hr>
            <ns3:cad>93</ns3:cad>
          </ns3:TrackPointExtension>
        </extensions>
      </trkpt>
      <trkpt lat="31.0211808979511260986328125" lon="121.42316431738436222076416015625">
        <ele>8.19999980926513671875</ele>
        <time>2026-08-05T10:37:40.000Z</time>
        <extensions>
          <ns3:TrackPointExtension>
            <ns3:atemp>31.0</ns3:atemp>
            <ns3:hr>177</ns3:hr>
            <ns3:cad>94</ns3:cad>
          </ns3:TrackPointExtension>
        </extensions>
      </trkpt>
      <trkpt lat="31.0211364738643169403076171875" lon="121.4231841824948787689208984375">
        <ele>8.19999980926513671875</ele>
        <time>2026-08-05T10:37:41.000Z</time>
        <extensions>
          <ns3:TrackPointExtension>
            <ns3:atemp>31.0</ns3:atemp>
            <ns3:hr>177</ns3:hr>
            <ns3:cad>94</ns3:cad>
          </ns3:TrackPointExtension>
        </extensions>
      </trkpt>
      <trkpt lat="31.021090038120746612548828125" lon="121.4232049696147441864013671875">
        <ele>8.19999980926513671875</ele>
        <time>2026-08-05T10:37:42.000Z</time>
        <extensions>
          <ns3:TrackPointExtension>
            <ns3:atemp>31.0</ns3:atemp>
            <ns3:hr>178</ns3:hr>
            <ns3:cad>95</ns3:cad>
          </ns3:TrackPointExtension>
        </extensions>
      </trkpt>
      <trkpt lat="31.02106682024896144866943359375" lon="121.4232153631746768951416015625">
        <ele>8.19999980926513671875</ele>
        <time>2026-08-05T10:37:43.000Z</time>
        <extensions>
          <ns3:TrackPointExtension>
            <ns3:atemp>31.0</ns3:atemp>
            <ns3:hr>178</ns3:hr>
            <ns3:cad>95</ns3:cad>
          </ns3:TrackPointExtension>
        </extensions>
      </trkpt>
      <trkpt lat="31.02100663818418979644775390625" lon="121.423242352902889251708984375">
        <ele>8.19999980926513671875</ele>
        <time>2026-08-05T10:37:44.000Z</time>
        <extensions>
          <ns3:TrackPointExtension>
            <ns3:atemp>31.0</ns3:atemp>
            <ns3:hr>178</ns3:hr>
            <ns3:cad>95</ns3:cad>
          </ns3:TrackPointExtension>
        </extensions>
      </trkpt>
      <trkpt lat="31.02097948081791400909423828125" lon="121.42325450666248798370361328125">
        <ele>8.19999980926513671875</ele>
        <time>2026-08-05T10:37:45.000Z</time>
        <extensions>
          <ns3:TrackPointExtension>
            <ns3:atemp>31.0</ns3:atemp>
            <ns3:hr>179</ns3:hr>
            <ns3:cad>95</ns3:cad>
          </ns3:TrackPointExtension>
        </extensions>
      </trkpt>
      <trkpt lat="31.0209151916205883026123046875" lon="121.423283256590366363525390625">
        <ele>8.19999980926513671875</ele>
        <time>2026-08-05T10:37:46.000Z</time>
        <extensions>
          <ns3:TrackPointExtension>
            <ns3:atemp>31.0</ns3:atemp>
            <ns3:hr>179</ns3:hr>
            <ns3:cad>95</ns3:cad>
          </ns3:TrackPointExtension>
        </extensions>
      </trkpt>
      <trkpt lat="31.0208964161574840545654296875" lon="121.42329172231256961822509765625">
        <ele>8.19999980926513671875</ele>
        <time>2026-08-05T10:37:47.000Z</time>
        <extensions>
          <ns3:TrackPointExtension>
            <ns3:atemp>31.0</ns3:atemp>
            <ns3:hr>180</ns3:hr>
            <ns3:cad>94</ns3:cad>
          </ns3:TrackPointExtension>
        </extensions>
      </trkpt>
      <trkpt lat="31.02084687910974025726318359375" lon="121.4233139343559741973876953125">
        <ele>8.19999980926513671875</ele>
        <time>2026-08-05T10:37:48.000Z</time>
        <extensions>
          <ns3:TrackPointExtension>
            <ns3:atemp>31.0</ns3:atemp>
            <ns3:hr>180</ns3:hr>
            <ns3:cad>94</ns3:cad>
          </ns3:TrackPointExtension>
        </extensions>
      </trkpt>
      <trkpt lat="31.02081150747835636138916015625" lon="121.42332977615296840667724609375">
        <ele>8.19999980926513671875</ele>
        <time>2026-08-05T10:37:49.000Z</time>
        <extensions>
          <ns3:TrackPointExtension>
            <ns3:atemp>31.0</ns3:atemp>
            <ns3:hr>181</ns3:hr>
            <ns3:cad>94</ns3:cad>
          </ns3:TrackPointExtension>
        </extensions>
      </trkpt>
      <trkpt lat="31.020774543285369873046875" lon="121.423346288502216339111328125">
        <ele>8.19999980926513671875</ele>
        <time>2026-08-05T10:37:50.000Z</time>
        <extensions>
          <ns3:TrackPointExtension>
            <ns3:atemp>31.0</ns3:atemp>
            <ns3:hr>181</ns3:hr>
            <ns3:cad>95</ns3:cad>
          </ns3:TrackPointExtension>
        </extensions>
      </trkpt>
      <trkpt lat="31.0207214020192623138427734375" lon="121.4233700931072235107421875">
        <ele>8.19999980926513671875</ele>
        <time>2026-08-05T10:37:51.000Z</time>
        <extensions>
          <ns3:TrackPointExtension>
            <ns3:atemp>31.0</ns3:atemp>
            <ns3:hr>182</ns3:hr>
            <ns3:cad>95</ns3:cad>
          </ns3:TrackPointExtension>
        </extensions>
      </trkpt>
      <trkpt lat="31.020704470574855804443359375" lon="121.42337772063910961151123046875">
        <ele>8.19999980926513671875</ele>
        <time>2026-08-05T10:37:52.000Z</time>
        <extensions>
          <ns3:TrackPointExtension>
            <ns3:atemp>31.0</ns3:atemp>
            <ns3:hr>182</ns3:hr>
            <ns3:cad>92</ns3:cad>
          </ns3:TrackPointExtension>
        </extensions>
      </trkpt>
      <trkpt lat="31.0206372477114200592041015625" lon="121.423416025936603546142578125">
        <ele>8.19999980926513671875</ele>
        <time>2026-08-05T10:37:53.000Z</time>
        <extensions>
          <ns3:TrackPointExtension>
            <ns3:atemp>31.0</ns3:atemp>
            <ns3:hr>182</ns3:hr>
            <ns3:cad>92</ns3:cad>
          </ns3:TrackPointExtension>
        </extensions>
      </trkpt>
      <trkpt lat="31.02061972953379154205322265625" lon="121.42342901788651943206787109375">
        <ele>8.19999980926513671875</ele>
        <time>2026-08-05T10:37:54.000Z</time>
        <extensions>
          <ns3:TrackPointExtension>
            <ns3:atemp>31.0</ns3:atemp>
            <ns3:hr>182</ns3:hr>
            <ns3:cad>92</ns3:cad>
          </ns3:TrackPointExtension>
        </extensions>
      </trkpt>
      <trkpt lat="31.0205644927918910980224609375" lon="121.42348601482808589935302734375">
        <ele>8.19999980926513671875</ele>
        <time>2026-08-05T10:37:55.000Z</time>
        <extensions>
          <ns3:TrackPointExtension>
            <ns3:atemp>31.0</ns3:atemp>
            <ns3:hr>183</ns3:hr>
            <ns3:cad>93</ns3:cad>
          </ns3:TrackPointExtension>
        </extensions>
      </trkpt>
      <trkpt lat="31.020554937422275543212890625" lon="121.4234980009496212005615234375">
        <ele>8.19999980926513671875</ele>
        <time>2026-08-05T10:37:56.000Z</time>
        <extensions>
          <ns3:TrackPointExtension>
            <ns3:atemp>31.0</ns3:atemp>
            <ns3:hr>183</ns3:hr>
            <ns3:cad>93</ns3:cad>
          </ns3:TrackPointExtension>
        </extensions>
      </trkpt>
      <trkpt lat="31.02052115835249423980712890625" lon="121.42355290241539478302001953125">
        <ele>8.19999980926513671875</ele>
        <time>2026-08-05T10:37:57.000Z</time>
        <extensions>
          <ns3:TrackPointExtension>
            <ns3:atemp>31.0</ns3:atemp>
            <ns3:hr>183</ns3:hr>
            <ns3:cad>93</ns3:cad>
          </ns3:TrackPointExtension>
        </extensions>
      </trkpt>
      <trkpt lat="31.02050238288938999176025390625" lon="121.42359447665512561798095703125">
        <ele>8.19999980926513671875</ele>
        <time>2026-08-05T10:37:58.000Z</time>
        <extensions>
          <ns3:TrackPointExtension>
            <ns3:atemp>31.0</ns3:atemp>
            <ns3:hr>184</ns3:hr>
            <ns3:cad>93</ns3:cad>
          </ns3:TrackPointExtension>
        </extensions>
      </trkpt>
      <trkpt lat="31.020489223301410675048828125" lon="121.423635967075824737548828125">
        <ele>8.19999980926513671875</ele>
        <time>2026-08-05T10:37:59.000Z</time>
        <extensions>
          <ns3:TrackPointExtension>
            <ns3:atemp>31.0</ns3:atemp>
            <ns3:hr>184</ns3:hr>
            <ns3:cad>93</ns3:cad>
          </ns3:TrackPointExtension>
        </extensions>
      </trkpt>
      <trkpt lat="31.02047706954181194305419921875" lon="121.423693634569644927978515625">
        <ele>8.19999980926513671875</ele>
        <time>2026-08-05T10:38:00.000Z</time>
        <extensions>
          <ns3:TrackPointExtension>
            <ns3:atemp>31.0</ns3:atemp>
            <ns3:hr>184</ns3:hr>
            <ns3:cad>94</ns3:cad>
          </ns3:TrackPointExtension>
        </extensions>
      </trkpt>
      <trkpt lat="31.020474471151828765869140625" lon="121.42372355796396732330322265625">
        <ele>8.19999980926513671875</ele>
        <time>2026-08-05T10:38:01.000Z</time>
        <extensions>
          <ns3:TrackPointExtension>
            <ns3:atemp>31.0</ns3:atemp>
            <ns3:hr>185</ns3:hr>
            <ns3:cad>94</ns3:cad>
          </ns3:TrackPointExtension>
        </extensions>
      </trkpt>
      <trkpt lat="31.02047421969473361968994140625" lon="121.423798240721225738525390625">
        <ele>8.19999980926513671875</ele>
        <time>2026-08-05T10:38:02.000Z</time>
        <extensions>
          <ns3:TrackPointExtension>
            <ns3:atemp>31.0</ns3:atemp>
            <ns3:hr>185</ns3:hr>
            <ns3:cad>94</ns3:cad>
          </ns3:TrackPointExtension>
        </extensions>
      </trkpt>
      <trkpt lat="31.02047455497086048126220703125" lon="121.42380234785377979278564453125">
        <ele>8.19999980926513671875</ele>
        <time>2026-08-05T10:38:03.000Z</time>
        <extensions>
          <ns3:TrackPointExtension>
            <ns3:atemp>31.0</ns3:atemp>
            <ns3:hr>185</ns3:hr>
            <ns3:cad>93</ns3:cad>
          </ns3:TrackPointExtension>
        </extensions>
      </trkpt>
      <trkpt lat="31.02048913948237895965576171875" lon="121.4238798804581165313720703125">
        <ele>8.19999980926513671875</ele>
        <time>2026-08-05T10:38:04.000Z</time>
        <extensions>
          <ns3:TrackPointExtension>
            <ns3:atemp>31.0</ns3:atemp>
            <ns3:hr>186</ns3:hr>
            <ns3:cad>93</ns3:cad>
          </ns3:TrackPointExtension>
        </extensions>
      </trkpt>
      <trkpt lat="31.02049483917653560638427734375" lon="121.4239011704921722412109375">
        <ele>8.19999980926513671875</ele>
        <time>2026-08-05T10:38:05.000Z</time>
        <extensions>
          <ns3:TrackPointExtension>
            <ns3:atemp>31.0</ns3:atemp>
            <ns3:hr>186</ns3:hr>
            <ns3:cad>94</ns3:cad>
          </ns3:TrackPointExtension>
        </extensions>
      </trkpt>
      <trkpt lat="31.02051864378154277801513671875" lon="121.423959173262119293212890625">
        <ele>8.19999980926513671875</ele>
        <time>2026-08-05T10:38:06.000Z</time>
        <extensions>
          <ns3:TrackPointExtension>
            <ns3:atemp>31.0</ns3:atemp>
            <ns3:hr>186</ns3:hr>
            <ns3:cad>94</ns3:cad>
          </ns3:TrackPointExtension>
        </extensions>
      </trkpt>
      <trkpt lat="31.02053138427436351776123046875" lon="121.42398272641003131866455078125">
        <ele>8.19999980926513671875</ele>
        <time>2026-08-05T10:38:07.000Z</time>
        <extensions>
          <ns3:TrackPointExtension>
            <ns3:atemp>31.0</ns3:atemp>
            <ns3:hr>186</ns3:hr>
            <ns3:cad>93</ns3:cad>
          </ns3:TrackPointExtension>
        </extensions>
      </trkpt>
      <trkpt lat="31.02055837400257587432861328125" lon="121.4240237139165401458740234375">
        <ele>8.19999980926513671875</ele>
        <time>2026-08-05T10:38:08.000Z</time>
        <extensions>
          <ns3:TrackPointExtension>
            <ns3:atemp>31.0</ns3:atemp>
            <ns3:hr>186</ns3:hr>
            <ns3:cad>92</ns3:cad>
          </ns3:TrackPointExtension>
        </extensions>
      </trkpt>
      <trkpt lat="31.02058670483529567718505859375" lon="121.424057073891162872314453125">
        <ele>8.19999980926513671875</ele>
        <time>2026-08-05T10:38:09.000Z</time>
        <extensions>
          <ns3:TrackPointExtension>
            <ns3:atemp>31.0</ns3:atemp>
            <ns3:hr>186</ns3:hr>
            <ns3:cad>92</ns3:cad>
          </ns3:TrackPointExtension>
        </extensions>
      </trkpt>
      <trkpt lat="31.020605564117431640625" lon="121.42407618463039398193359375">
        <ele>3.7999999523162841796875</ele>
        <time>2026-08-05T10:38:10.000Z</time>
        <extensions>
          <ns3:TrackPointExtension>
            <ns3:atemp>31.0</ns3:atemp>
            <ns3:hr>187</ns3:hr>
            <ns3:cad>94</ns3:cad>
          </ns3:TrackPointExtension>
        </extensions>
      </trkpt>
      <trkpt lat="31.0206546820700168609619140625" lon="121.42411298118531703948974609375">
        <ele>3.7999999523162841796875</ele>
        <time>2026-08-05T10:38:11.000Z</time>
        <extensions>
          <ns3:TrackPointExtension>
            <ns3:atemp>31.0</ns3:atemp>
            <ns3:hr>187</ns3:hr>
            <ns3:cad>94</ns3:cad>
          </ns3:TrackPointExtension>
        </extensions>
      </trkpt>
      <trkpt lat="31.02066935040056705474853515625" lon="121.42412203364074230194091796875">
        <ele>3.7999999523162841796875</ele>
        <time>2026-08-05T10:38:12.000Z</time>
        <extensions>
          <ns3:TrackPointExtension>
            <ns3:atemp>31.0</ns3:atemp>
            <ns3:hr>187</ns3:hr>
            <ns3:cad>93</ns3:cad>
          </ns3:TrackPointExtension>
        </extensions>
      </trkpt>
      <trkpt lat="31.02073942311108112335205078125" lon="121.42415036447346210479736328125">
        <ele>3.7999999523162841796875</ele>
        <time>2026-08-05T10:38:13.000Z</time>
        <extensions>
          <ns3:TrackPointExtension>
            <ns3:atemp>31.0</ns3:atemp>
            <ns3:hr>187</ns3:hr>
            <ns3:cad>92</ns3:cad>
          </ns3:TrackPointExtension>
        </extensions>
      </trkpt>
      <trkpt lat="31.02076088078320026397705078125" lon="121.42415606416761875152587890625">
        <ele>3.7999999523162841796875</ele>
        <time>2026-08-05T10:38:14.000Z</time>
        <extensions>
          <ns3:TrackPointExtension>
            <ns3:atemp>31.0</ns3:atemp>
            <ns3:hr>187</ns3:hr>
            <ns3:cad>92</ns3:cad>
          </ns3:TrackPointExtension>
        </extensions>
      </trkpt>
      <trkpt lat="31.02082558907568454742431640625" lon="121.4241608418524265289306640625">
        <ele>3.7999999523162841796875</ele>
        <time>2026-08-05T10:38:15.000Z</time>
        <extensions>
          <ns3:TrackPointExtension>
            <ns3:atemp>31.0</ns3:atemp>
            <ns3:hr>188</ns3:hr>
            <ns3:cad>94</ns3:cad>
          </ns3:TrackPointExtension>
        </extensions>
      </trkpt>
      <trkpt lat="31.0208548419177532196044921875" lon="121.42415941692888736724853515625">
        <ele>3.7999999523162841796875</ele>
        <time>2026-08-05T10:38:16.000Z</time>
        <extensions>
          <ns3:TrackPointExtension>
            <ns3:atemp>31.0</ns3:atemp>
            <ns3:hr>188</ns3:hr>
            <ns3:cad>94</ns3:cad>
          </ns3:TrackPointExtension>
        </extensions>
      </trkpt>
      <trkpt lat="31.02089817635715007781982421875" lon="121.42415069974958896636962890625">
        <ele>3.7999999523162841796875</ele>
        <time>2026-08-05T10:38:17.000Z</time>
        <extensions>
          <ns3:TrackPointExtension>
            <ns3:atemp>31.0</ns3:atemp>
            <ns3:hr>188</ns3:hr>
            <ns3:cad>93</ns3:cad>
          </ns3:TrackPointExtension>
        </extensions>
      </trkpt>
      <trkpt lat="31.02093840949237346649169921875" lon="121.424136199057102203369140625">
        <ele>3.7999999523162841796875</ele>
        <time>2026-08-05T10:38:18.000Z</time>
        <extensions>
          <ns3:TrackPointExtension>
            <ns3:atemp>31.0</ns3:atemp>
            <ns3:hr>188</ns3:hr>
            <ns3:cad>92</ns3:cad>
          </ns3:TrackPointExtension>
        </extensions>
      </trkpt>
      <trkpt lat="31.02096606977283954620361328125" lon="121.42412404529750347137451171875">
        <ele>3.7999999523162841796875</ele>
        <time>2026-08-05T10:38:19.000Z</time>
        <extensions>
          <ns3:TrackPointExtension>
            <ns3:atemp>31.0</ns3:atemp>
            <ns3:hr>188</ns3:hr>
            <ns3:cad>92</ns3:cad>
          </ns3:TrackPointExtension>
        </extensions>
      </trkpt>
      <trkpt lat="31.0210295207798480987548828125" lon="121.424095630645751953125">
        <ele>3.7999999523162841796875</ele>
        <time>2026-08-05T10:38:20.000Z</time>
        <extensions>
          <ns3:TrackPointExtension>
            <ns3:atemp>31.0</ns3:atemp>
            <ns3:hr>188</ns3:hr>
            <ns3:cad>94</ns3:cad>
          </ns3:TrackPointExtension>
        </extensions>
      </trkpt>
      <trkpt lat="31.021046452224254608154296875" lon="121.4240880869328975677490234375">
        <ele>3.7999999523162841796875</ele>
        <time>2026-08-05T10:38:21.000Z</time>
        <extensions>
          <ns3:TrackPointExtension>
            <ns3:atemp>31.0</ns3:atemp>
            <ns3:hr>188</ns3:hr>
            <ns3:cad>94</ns3:cad>
          </ns3:TrackPointExtension>
        </extensions>
      </trkpt>
      <trkpt lat="31.0211126692593097686767578125" lon="121.424058414995670318603515625">
        <ele>3.7999999523162841796875</ele>
        <time>2026-08-05T10:38:22.000Z</time>
        <extensions>
          <ns3:TrackPointExtension>
            <ns3:atemp>31.0</ns3:atemp>
            <ns3:hr>187</ns3:hr>
            <ns3:cad>93</ns3:cad>
          </ns3:TrackPointExtension>
        </extensions>
      </trkpt>
      <trkpt lat="31.02112918160855770111083984375" lon="121.424051038920879364013671875">
        <ele>3.7999999523162841796875</ele>
        <time>2026-08-05T10:38:23.000Z</time>
        <extensions>
          <ns3:TrackPointExtension>
            <ns3:atemp>31.0</ns3:atemp>
            <ns3:hr>188</ns3:hr>
            <ns3:cad>92</ns3:cad>
          </ns3:TrackPointExtension>
        </extensions>
      </trkpt>
      <trkpt lat="31.021188609302043914794921875" lon="121.4240243844687938690185546875">
        <ele>3.7999999523162841796875</ele>
        <time>2026-08-05T10:38:24.000Z</time>
        <extensions>
          <ns3:TrackPointExtension>
            <ns3:atemp>31.0</ns3:atemp>
            <ns3:hr>188</ns3:hr>
            <ns3:cad>92</ns3:cad>
          </ns3:TrackPointExtension>
        </extensions>
      </trkpt>
      <trkpt lat="31.0212149284780025482177734375" lon="121.4240126498043537139892578125">
        <ele>3.7999999523162841796875</ele>
        <time>2026-08-05T10:38:25.000Z</time>
        <extensions>
          <ns3:TrackPointExtension>
            <ns3:atemp>31.0</ns3:atemp>
            <ns3:hr>188</ns3:hr>
            <ns3:cad>93</ns3:cad>
          </ns3:TrackPointExtension>
        </extensions>
      </trkpt>
      <trkpt lat="31.0212518088519573211669921875" lon="121.423996053636074066162109375">
        <ele>3.7999999523162841796875</ele>
        <time>2026-08-05T10:38:26.000Z</time>
        <extensions>
          <ns3:TrackPointExtension>
            <ns3:atemp>31.0</ns3:atemp>
            <ns3:hr>188</ns3:hr>
            <ns3:cad>94</ns3:cad>
          </ns3:TrackPointExtension>
        </extensions>
      </trkpt>
      <trkpt lat="31.02130888961255550384521484375" lon="121.42397048883140087127685546875">
        <ele>3.7999999523162841796875</ele>
        <time>2026-08-05T10:38:27.000Z</time>
        <extensions>
          <ns3:TrackPointExtension>
            <ns3:atemp>31.0</ns3:atemp>
            <ns3:hr>188</ns3:hr>
            <ns3:cad>94</ns3:cad>
          </ns3:TrackPointExtension>
        </extensions>
      </trkpt>
      <trkpt lat="31.0213311016559600830078125" lon="121.42396059818565845489501953125">
        <ele>3.7999999523162841796875</ele>
        <time>2026-08-05T10:38:28.000Z</time>
        <extensions>
          <ns3:TrackPointExtension>
            <ns3:atemp>31.0</ns3:atemp>
            <ns3:hr>188</ns3:hr>
            <ns3:cad>94</ns3:cad>
          </ns3:TrackPointExtension>
        </extensions>
      </trkpt>
      <trkpt lat="31.021397821605205535888671875" lon="121.4239306747913360595703125">
        <ele>3.7999999523162841796875</ele>
        <time>2026-08-05T10:38:29.000Z</time>
        <extensions>
          <ns3:TrackPointExtension>
            <ns3:atemp>31.0</ns3:atemp>
            <ns3:hr>188</ns3:hr>
            <ns3:cad>93</ns3:cad>
          </ns3:TrackPointExtension>
        </extensions>
      </trkpt>
      <trkpt lat="31.021420955657958984375" lon="121.423920281231403350830078125">
        <ele>3.7999999523162841796875</ele>
        <time>2026-08-05T10:38:30.000Z</time>
        <extensions>
          <ns3:TrackPointExtension>
            <ns3:atemp>31.0</ns3:atemp>
            <ns3:hr>188</ns3:hr>
            <ns3:cad>93</ns3:cad>
          </ns3:TrackPointExtension>
        </extensions>
      </trkpt>
      <trkpt lat="31.0214744322001934051513671875" lon="121.42389639280736446380615234375">
        <ele>3.7999999523162841796875</ele>
        <time>2026-08-05T10:38:31.000Z</time>
        <extensions>
          <ns3:TrackPointExtension>
            <ns3:atemp>31.0</ns3:atemp>
            <ns3:hr>188</ns3:hr>
            <ns3:cad>94</ns3:cad>
          </ns3:TrackPointExtension>
        </extensions>
      </trkpt>
      <trkpt lat="31.02150385268032550811767578125" lon="121.4238832332193851470947265625">
        <ele>3.7999999523162841796875</ele>
        <time>2026-08-05T10:38:32.000Z</time>
        <extensions>
          <ns3:TrackPointExtension>
            <ns3:atemp>31.0</ns3:atemp>
            <ns3:hr>188</ns3:hr>
            <ns3:cad>95</ns3:cad>
          </ns3:TrackPointExtension>
        </extensions>
      </trkpt>
      <trkpt lat="31.02153704501688480377197265625" lon="121.42386831343173980712890625">
        <ele>3.7999999523162841796875</ele>
        <time>2026-08-05T10:38:33.000Z</time>
        <extensions>
          <ns3:TrackPointExtension>
            <ns3:atemp>31.0</ns3:atemp>
            <ns3:hr>188</ns3:hr>
            <ns3:cad>94</ns3:cad>
          </ns3:TrackPointExtension>
        </extensions>
      </trkpt>
      <trkpt lat="31.0215911082923412322998046875" lon="121.42384408973157405853271484375">
        <ele>3.7999999523162841796875</ele>
        <time>2026-08-05T10:38:34.000Z</time>
        <extensions>
          <ns3:TrackPointExtension>
            <ns3:atemp>31.0</ns3:atemp>
            <ns3:hr>188</ns3:hr>
            <ns3:cad>95</ns3:cad>
          </ns3:TrackPointExtension>
        </extensions>
      </trkpt>
      <trkpt lat="31.02160812355577945709228515625" lon="121.4238362945616245269775390625">
        <ele>3.7999999523162841796875</ele>
        <time>2026-08-05T10:38:35.000Z</time>
        <extensions>
          <ns3:TrackPointExtension>
            <ns3:atemp>31.0</ns3:atemp>
            <ns3:hr>188</ns3:hr>
            <ns3:cad>95</ns3:cad>
          </ns3:TrackPointExtension>
        </extensions>
      </trkpt>
      <trkpt lat="31.021662689745426177978515625" lon="121.4238037727773189544677734375">
        <ele>3.7999999523162841796875</ele>
        <time>2026-08-05T10:38:36.000Z</time>
        <extensions>
          <ns3:TrackPointExtension>
            <ns3:atemp>31.0</ns3:atemp>
            <ns3:hr>188</ns3:hr>
            <ns3:cad>95</ns3:cad>
          </ns3:TrackPointExtension>
        </extensions>
      </trkpt>
      <trkpt lat="31.021683476865291595458984375" lon="121.42378843389451503753662109375">
        <ele>3.7999999523162841796875</ele>
        <time>2026-08-05T10:38:37.000Z</time>
        <extensions>
          <ns3:TrackPointExtension>
            <ns3:atemp>31.0</ns3:atemp>
            <ns3:hr>188</ns3:hr>
            <ns3:cad>95</ns3:cad>
          </ns3:TrackPointExtension>
        </extensions>
      </trkpt>
    </trkseg>
  </trk>
</gpx>
